entry_time,exit_time,side,entry_price,exit_price,pnl_usd,pnl_jpy,balance,duration_min,exit_reason,k4h_at_entry,k1h_at_entry,k5m_at_entry
2022-11-14 05:25:00,2022-11-14 06:25:00,short,1765.5800000000002,1759.93,55.5,8325.0,108325.0,60.0,5M_GC,72.35746115293952,18.803628461136025,7.167388643156575
2022-11-15 13:05:00,2022-11-15 13:45:00,short,1776.72,1776.06,5.6,840.0,109165.0,40.0,5M_GC,75.4322707059233,52.220236347030976,23.69818286816937
2022-11-28 04:45:00,2022-11-28 05:25:00,short,1750.0500000000002,1749.18,7.7,1155.0,110320.0,40.0,5M_GC,27.996778208284752,29.31034482730624,23.703703702652277
2022-11-29 17:05:00,2022-11-29 18:20:00,short,1753.39,1750.85,24.4,3660.0,113980.0,75.0,5M_GC,52.603305784906276,49.86180210019412,12.63251329483427
2022-11-29 21:20:00,2022-11-29 22:00:00,short,1751.48,1749.54,18.4,2760.0,116740.0,40.0,5M_GC,46.59779614305796,28.673835125191193,10.659726581605474
2022-11-29 23:35:00,2022-11-30 07:05:00,short,1749.2900000000002,1754.66,-54.7,-8205.0,108535.0,450.0,5M_GC,61.294624422007075,85.73818485874965,20.35087719187739
2022-11-30 18:20:00,2022-11-30 20:25:00,short,1752.0,1746.77,51.3,7695.0,116230.0,125.0,5M_GC,59.991964403856684,40.45043907936594,12.765509076767161
2022-12-02 14:45:00,2022-12-02 15:55:00,short,1798.3200000000002,1785.59,126.3,18945.0,135175.0,70.0,5M_GC,74.2462704933913,38.664015649474386,24.69359963674671
2022-12-07 05:20:00,2022-12-07 06:05:00,long,1771.74,1772.57,7.3,1095.0,136270.0,45.0,5M_DC,30.64450949383873,67.36790845661842,76.32228077577768
2022-12-07 10:20:00,2022-12-07 14:50:00,long,1771.6499999999999,1774.43,26.8,4020.0,140290.0,270.0,5M_DC,55.92127424520529,54.15335463172084,87.85083905719578
2022-12-08 22:25:00,2022-12-08 23:35:00,long,1788.25,1789.1,7.5,1125.0,141415.0,70.0,5M_DC,77.98007363697853,48.554172570321896,84.85470084877568
2022-12-16 20:00:00,2022-12-16 20:50:00,long,1788.48,1791.94,33.6,5040.0,146455.0,50.0,5M_DC,67.23593115614584,75.28422909800423,92.83167488673564
2022-12-19 13:30:00,2022-12-19 15:15:00,short,1795.8700000000001,1793.02,27.5,4125.0,150580.0,105.0,5M_GC,76.54933098896213,36.43867924485407,15.724787875652831
2022-12-19 18:50:00,2022-12-19 21:35:00,short,1788.21,1787.05,10.6,1590.0,152170.0,165.0,5M_GC,60.63154496374773,35.18052346665594,16.796671364350242
2022-12-19 23:45:00,2022-12-20 02:10:00,short,1787.2,1785.39,17.1,2565.0,154735.0,145.0,5M_GC,46.15436669588893,26.8480351742775,11.942761581508833
2022-12-21 20:55:00,2022-12-21 21:55:00,short,1816.9,1814.37,24.3,3645.0,158380.0,60.0,5M_GC,77.58679349647132,35.195996663593235,7.916955933420926
2022-12-22 10:05:00,2022-12-22 11:30:00,short,1816.72,1815.85,7.7,1155.0,159535.0,85.0,5M_GC,59.23753069482843,53.47985966492994,8.286396995809802
2022-12-23 05:45:00,2022-12-23 07:00:00,long,1793.2099999999998,1794.85,15.4,2310.0,161845.0,75.0,5M_DC,24.255569283578343,82.81754575426582,83.47504480992956
2022-12-23 19:10:00,2022-12-23 21:30:00,long,1801.1699999999998,1796.74,-45.3,-6795.0,155050.0,140.0,5M_DC,33.388486936021664,46.088154269591335,94.04001555785226
2023-01-03 14:30:00,2023-01-03 16:30:00,short,1834.0900000000001,1844.58,-105.9,-15885.0,139165.0,120.0,SL_or_BE,70.03435414836201,44.856396866606666,85.83697379001319
2023-01-04 18:00:00,2023-01-04 19:30:00,short,1856.8400000000001,1856.68,0.6,90.0,139255.0,90.0,5M_GC,78.87794588134098,43.07160497802628,17.730326419386284
2023-01-05 07:10:00,2023-01-05 09:05:00,short,1852.3600000000001,1852.05,2.1,315.0,139570.0,115.0,5M_GC,60.88249127217525,15.595754603388158,17.41791975403396
2023-01-10 19:45:00,2023-01-11 03:35:00,short,1874.99,1872.92,19.7,2955.0,142525.0,470.0,5M_GC,50.5948045638464,52.67523749861082,8.982346832674166
2023-01-13 15:50:00,2023-01-13 16:45:00,short,1898.64,1909.41,-108.7,-16305.0,126220.0,55.0,SL_or_BE,86.59409054990884,55.089955906855984,97.40575831672595
2023-01-16 20:10:00,2023-01-17 04:00:00,short,1913.95,1915.35,-15.0,-2250.0,123970.0,470.0,5M_GC,40.9161443409913,36.91884812472377,24.917833620466876
2023-01-18 04:15:00,2023-01-18 05:40:00,short,1909.8400000000001,1900.62,91.2,13680.0,137650.0,85.0,5M_GC,23.038299034224554,30.019979913702784,9.806162619381317
2023-01-20 17:30:00,2023-01-20 18:00:00,short,1928.67,1927.21,13.6,2040.0,139690.0,30.0,5M_GC,67.29851604132786,28.31647828656479,23.982367080921524
2023-01-23 15:10:00,2023-01-23 15:40:00,short,1926.3300000000002,1921.93,43.0,6450.0,146140.0,30.0,5M_GC,30.07084161194427,45.94587427414431,16.16002006501699
2023-01-24 12:45:00,2023-01-24 13:20:00,short,1937.3400000000001,1936.07,11.7,1755.0,147895.0,35.0,5M_GC,78.5612494220846,52.92088290349154,22.689075629615388
2023-01-24 13:55:00,2023-01-24 14:45:00,short,1937.1000000000001,1937.02,-0.2,-30.0,147865.0,50.0,5M_GC,78.5612494220846,53.013182673700896,24.424634273006095
2023-01-24 17:55:00,2023-01-24 18:55:00,short,1934.91,1932.5,23.1,3465.0,151330.0,60.0,5M_GC,73.2753062537933,43.921300057186194,23.50167254896417
2023-01-25 04:20:00,2023-01-25 05:05:00,short,1938.5500000000002,1932.16,62.9,9435.0,160765.0,45.0,5M_GC,69.29051606180514,49.92639645572398,1.883077100220951
2023-01-25 06:15:00,2023-01-25 07:00:00,short,1931.65,1928.36,31.9,4785.0,165550.0,45.0,5M_GC,69.29051606180514,15.19988378232432,20.073059395860188
2023-01-26 12:25:00,2023-01-26 16:50:00,short,1936.5300000000002,1931.86,45.7,6855.0,172405.0,265.0,5M_GC,48.31546473096477,25.72334180150216,13.159543831866907
2023-01-27 01:45:00,2023-01-27 03:30:00,short,1930.8000000000002,1931.61,-9.1,-1365.0,171040.0,105.0,5M_GC,32.80994438981718,71.50402928492997,16.270698343780563
2023-01-30 21:45:00,2023-01-31 05:25:00,short,1923.47,1923.79,-4.2,-630.0,170410.0,460.0,5M_GC,28.29759272388773,47.11194152976438,14.74358974302138
2023-02-02 12:00:00,2023-02-02 13:00:00,short,1956.67,1952.78,37.9,5685.0,176095.0,60.0,5M_GC,79.75325791767624,39.787692694914476,23.72815173892968
2023-02-02 13:45:00,2023-02-02 16:00:00,short,1954.8200000000002,1945.16,95.6,14340.0,190435.0,135.0,5M_GC,50.92016219535693,10.897363391465511,16.732480819063497
2023-02-07 15:35:00,2023-02-07 16:10:00,long,1867.26,1869.98,26.2,3930.0,194365.0,35.0,5M_DC,60.9076371064866,38.239943750466495,92.23720766646501
2023-02-07 19:10:00,2023-02-07 20:45:00,long,1875.12,1865.12,-101.0,-15150.0,179215.0,95.0,SL_or_BE,56.49863336163892,54.655898969421436,8.022150070177458
2023-02-10 08:50:00,2023-02-10 09:45:00,long,1858.4499999999998,1865.1,65.5,9825.0,189040.0,55.0,5M_DC,20.164320309582198,68.14596160547568,88.14612465956127
2023-02-10 11:25:00,2023-02-10 16:00:00,long,1862.6499999999999,1867.19,44.4,6660.0,195700.0,275.0,5M_DC,30.824659727700023,52.588142395509635,78.84522076547164
2023-02-16 10:50:00,2023-02-16 12:40:00,long,1838.07,1838.16,-0.1,-15.0,195685.0,110.0,5M_DC,16.425886051070503,27.358490565780055,87.15522314769375
2023-02-17 12:50:00,2023-02-17 13:40:00,long,1823.25,1824.25,9.0,1350.0,197035.0,50.0,5M_DC,25.200398055427016,47.25666916996314,76.92696510507125
2023-02-21 13:35:00,2023-02-21 14:25:00,short,1834.7800000000002,1830.97,37.1,5565.0,202600.0,50.0,5M_GC,30.10546080728622,24.72539991034381,10.891123875479474
2023-02-22 17:55:00,2023-02-22 18:55:00,short,1835.94,1833.1,27.4,4110.0,206710.0,60.0,5M_GC,33.20977648226384,23.976178917640738,8.831593302986619
2023-02-22 19:55:00,2023-02-22 21:45:00,short,1833.1000000000001,1827.64,53.6,8040.0,214750.0,110.0,5M_GC,26.461725462230252,8.007429967213083,19.52834589950776
2023-02-24 04:50:00,2023-02-24 10:45:00,long,1824.77,1824.27,-6.0,-900.0,213850.0,355.0,5M_DC,36.09682709131486,26.894909214281835,84.27258343075209
2023-03-02 16:40:00,2023-03-02 19:20:00,short,1835.0,1834.72,1.8,270.0,214120.0,160.0,5M_GC,32.10480421252705,61.071375539670356,13.759683445520162
2023-03-07 07:45:00,2023-03-07 10:20:00,short,1848.68,1846.79,17.9,2685.0,216805.0,155.0,5M_GC,24.04660778484133,43.851191759672986,14.301897200989098
2023-03-09 06:25:00,2023-03-09 07:05:00,long,1813.27,1814.93,15.6,2340.0,219145.0,40.0,5M_DC,20.62720440962974,54.657933041016655,88.85045700625274
2023-03-09 08:40:00,2023-03-09 09:50:00,long,1813.6599999999999,1814.61,8.5,1275.0,220420.0,70.0,5M_DC,33.63539457944885,55.24017467127999,78.36257309666594
2023-03-09 12:10:00,2023-03-09 13:15:00,long,1817.57,1819.54,18.7,2805.0,223225.0,65.0,5M_DC,62.90341248907314,78.33739347594165,92.03263563234417
2023-03-13 09:45:00,2023-03-13 10:50:00,short,1874.45,1885.35,-110.0,-16500.0,206725.0,65.0,SL_or_BE,77.5161623201521,37.74681322373243,91.75994863545634
2023-03-14 17:10:00,2023-03-14 18:10:00,short,1907.5400000000002,1904.2,32.4,4860.0,211585.0,60.0,5M_GC,74.05514250292599,63.56955776827646,15.746585847013813
2023-03-15 00:20:00,2023-03-15 02:15:00,short,1904.39,1901.55,27.4,4110.0,215695.0,115.0,5M_GC,64.45265713774972,34.637693194171916,15.206159910458183
2023-03-15 03:25:00,2023-03-15 05:25:00,short,1903.3300000000002,1903.82,-5.9,-885.0,214810.0,120.0,5M_GC,45.459735775807964,37.07802619600858,17.894736841160363
2023-03-16 00:00:00,2023-03-16 03:05:00,short,1918.89,1910.78,80.1,12015.0,226825.0,185.0,5M_GC,62.30873523133405,23.708217845036263,9.568303474345614
2023-03-20 14:30:00,2023-03-20 14:55:00,short,1984.95,1974.54,103.1,15465.0,242290.0,25.0,5M_GC,77.61974055999644,21.39457603192291,8.334777814338196
2023-03-21 08:05:00,2023-03-21 08:45:00,short,1981.99,1972.68,92.1,13815.0,256105.0,40.0,5M_GC,33.83494311761829,48.264669163064376,10.170489270457193
2023-03-23 03:25:00,2023-03-23 04:20:00,long,1969.6999999999998,1972.52,27.2,4080.0,260185.0,55.0,5M_DC,83.22221431753952,81.10880931217976,96.5561741900608
2023-03-28 16:20:00,2023-03-28 18:05:00,long,1961.53,1968.8,71.7,10755.0,270940.0,105.0,5M_DC,54.48143879351813,85.6168187954227,89.16300400716348
2023-03-29 16:55:00,2023-03-29 18:25:00,short,1965.5600000000002,1966.6,-11.4,-1710.0,269230.0,90.0,5M_GC,59.785932721483924,56.88016100446743,20.297239914814806
2023-03-29 19:50:00,2023-03-29 22:05:00,short,1964.76,1965.97,-13.1,-1965.0,267265.0,135.0,5M_GC,59.93883792026025,51.37889688203216,22.090233373649514
2023-03-30 01:05:00,2023-03-30 02:20:00,short,1964.21,1963.51,6.0,900.0,268165.0,75.0,5M_GC,45.3399334648932,29.916067146013678,16.66666666561171
2023-03-31 12:25:00,2023-03-31 13:20:00,short,1979.3500000000001,1978.07,11.8,1770.0,269935.0,55.0,5M_GC,76.70221380922482,38.15126050388128,20.833333332723768
2023-03-31 18:50:00,2023-03-31 20:30:00,short,1979.0700000000002,1969.25,97.2,14580.0,284515.0,100.0,5M_GC,53.23767023419867,25.27881140177799,8.852658365182135
2023-04-06 17:45:00,2023-04-06 20:15:00,short,2010.5300000000002,2009.57,8.6,1290.0,285805.0,150.0,5M_GC,25.17260287275688,50.34860557743883,2.655304050026499
2023-04-14 09:15:00,2023-04-14 10:10:00,short,2042.2800000000002,2040.65,15.3,2295.0,288100.0,55.0,5M_GC,78.41971207246853,33.82675555556464,18.298589315878143
2023-04-21 04:05:00,2023-04-21 06:35:00,short,2004.3500000000001,2001.53,27.2,4080.0,292180.0,150.0,5M_GC,68.41370818313722,24.88785992316835,17.376716489721677
2023-04-25 08:25:00,2023-04-25 13:30:00,short,1992.66,1984.68,78.8,11820.0,304000.0,305.0,5M_GC,62.523329600363724,7.71903225043894,7.888034073930892
2023-04-26 16:30:00,2023-04-26 17:15:00,short,2005.75,1999.81,58.4,8760.0,312760.0,45.0,5M_GC,62.85588062698455,56.06334006430753,21.855911711279163
2023-04-27 13:25:00,2023-04-27 14:35:00,short,2000.3600000000001,1999.39,8.7,1305.0,314065.0,70.0,5M_GC,44.88702272964591,48.04469193936591,16.45311675834886
2023-04-27 17:15:00,2023-04-27 19:05:00,short,1982.3400000000001,1983.13,-8.9,-1335.0,312730.0,110.0,5M_GC,33.60278364682503,31.45211565262514,20.948546052509823
2023-05-04 07:25:00,2023-05-04 08:55:00,short,2043.15,2042.77,2.8,420.0,313150.0,90.0,5M_GC,54.4986678887824,35.98041792235134,21.09770615751347
2023-05-10 12:20:00,2023-05-10 15:00:00,short,2029.18,2029.39,-3.1,-465.0,312685.0,160.0,5M_GC,66.21697135264874,67.69686615474826,24.127906976044482
2023-05-11 06:20:00,2023-05-11 07:15:00,short,2032.89,2031.52,12.7,1905.0,314590.0,55.0,5M_GC,39.88764044928883,42.19030079750228,18.07878398521377
2023-05-11 08:30:00,2023-05-11 09:50:00,short,2031.64,2029.29,22.5,3375.0,317965.0,80.0,5M_GC,30.362047440585314,24.265774934242142,11.103566645643747
2023-05-12 17:40:00,2023-05-12 20:10:00,long,2013.03,2014.98,18.5,2775.0,320740.0,150.0,5M_DC,29.79446378245539,53.67466174637028,90.4799705999964
2023-05-15 05:30:00,2023-05-15 08:25:00,long,2014.84,2016.81,18.7,2805.0,323545.0,175.0,5M_DC,55.76164874528191,66.17816091897845,88.39801741506369
2023-05-15 20:25:00,2023-05-16 01:10:00,long,2017.77,2016.3,-15.7,-2355.0,321190.0,285.0,5M_DC,72.06801631212943,36.21525404384113,79.32759942300476
2023-05-19 04:45:00,2023-05-19 05:35:00,long,1956.07,1958.54,23.7,3555.0,324745.0,50.0,5M_DC,20.619293008032788,72.54884281812683,83.63651751941045
2023-05-19 19:25:00,2023-05-19 19:50:00,long,1976.09,1978.26,20.7,3105.0,327850.0,25.0,5M_DC,48.597728683603286,52.09589654726528,92.65121537417076
2023-05-29 13:35:00,2023-05-29 15:55:00,long,1944.78,1948.82,39.4,5910.0,333760.0,140.0,5M_DC,46.65605838492681,72.2965716637391,90.18581508546397
2023-06-01 01:20:00,2023-06-01 04:45:00,short,1964.01,1963.3,6.1,915.0,334675.0,205.0,5M_GC,58.17313194858,40.76908176367808,11.125979994387158
2023-06-07 17:00:00,2023-06-07 17:40:00,short,1965.88,1958.55,72.3,10845.0,345520.0,40.0,5M_GC,32.44347020211937,48.713700404592515,7.565414861408978
2023-06-16 20:20:00,2023-06-16 22:55:00,short,1957.63,1955.44,20.9,3135.0,348655.0,155.0,5M_GC,78.41453982967123,30.794090489168905,4.2191876748981025
2023-06-16 23:50:00,2023-06-19 02:40:00,short,1957.26,1956.91,2.5,375.0,349030.0,3050.0,5M_GC,71.42824215985348,32.87203186403705,9.467120180822075
2023-06-23 09:00:00,2023-06-23 11:00:00,long,1915.78,1918.18,23.0,3450.0,352480.0,120.0,5M_DC,22.29288151684465,69.89251375274486,88.78181293637546
2023-06-23 13:15:00,2023-06-23 14:15:00,long,1917.83,1918.86,9.3,1395.0,353875.0,60.0,5M_DC,43.88900491980899,80.02623505727264,81.61746981816218
2023-06-26 08:15:00,2023-06-26 08:50:00,long,1924.56,1926.64,19.8,2970.0,356845.0,35.0,5M_DC,64.80802152091663,70.87154874228042,85.91128856890231
2023-06-26 10:00:00,2023-06-26 10:40:00,long,1923.61,1927.96,42.5,6375.0,363220.0,40.0,5M_DC,64.80802152091663,62.27968306181043,87.49971860785213
2023-06-29 03:10:00,2023-06-29 04:15:00,long,1908.4599999999998,1912.66,41.0,6150.0,369370.0,65.0,5M_DC,19.971854331184897,51.48638973945557,91.46512101313795
2023-06-30 01:35:00,2023-06-30 02:35:00,long,1908.09,1908.51,3.2,480.0,369850.0,60.0,5M_DC,74.69963123956143,73.30519052435906,83.86156647990873
2023-06-30 06:05:00,2023-06-30 08:10:00,long,1908.3,1908.46,0.6,90.0,369940.0,125.0,5M_DC,65.34275760050136,41.9898341640504,80.32305432827683
2023-07-04 01:50:00,2023-07-04 05:15:00,short,1921.3000000000002,1921.3,-1.0,-150.0,369790.0,205.0,5M_GC,63.27359502436986,30.142768119988073,20.306513409184177
2023-07-05 06:15:00,2023-07-05 09:30:00,short,1924.5300000000002,1922.06,23.7,3555.0,373345.0,195.0,5M_GC,60.44644640277721,46.79323664829442,5.023343652606624
2023-07-05 16:25:00,2023-07-05 16:55:00,short,1932.21,1925.02,70.9,10635.0,383980.0,30.0,5M_GC,55.91419602453575,65.85278308330379,11.995300206913731
2023-07-05 18:25:00,2023-07-05 19:15:00,short,1923.5500000000002,1922.75,7.0,1050.0,385030.0,50.0,5M_GC,55.91419602453575,21.27659574454833,15.186631807557228
2023-07-07 01:30:00,2023-07-07 02:20:00,long,1910.3,1911.89,14.9,2235.0,387265.0,50.0,5M_DC,24.11631730366592,63.71391082076304,92.55741360421098
2023-07-07 03:50:00,2023-07-07 06:20:00,long,1910.1999999999998,1911.56,12.6,1890.0,389155.0,150.0,5M_DC,29.344649316496827,52.788954003342475,84.30376750093963
2023-07-07 19:00:00,2023-07-10 01:00:00,long,1928.49,1925.23,-33.6,-5040.0,384115.0,3240.0,5M_DC,71.0074111007999,53.151816316696824,83.24751998811922
2023-07-12 11:45:00,2023-07-12 15:30:00,short,1935.99,1945.99,-101.0,-15150.0,368965.0,225.0,SL_or_BE,74.19958633723108,28.27514128720385,56.76386867739808
2023-07-17 03:00:00,2023-07-17 04:55:00,short,1952.64,1952.61,-0.7,-105.0,368860.0,115.0,5M_GC,27.906976743970016,21.819098928695112,10.999871635528473
2023-07-19 15:15:00,2023-07-19 17:25:00,short,1976.0,1973.91,19.9,2985.0,371845.0,130.0,5M_GC,76.04771618772689,54.75518033310363,14.248476839496826
2023-07-20 14:45:00,2023-07-20 15:50:00,short,1981.3500000000001,1974.27,69.8,10470.0,382315.0,65.0,5M_GC,58.22975517857835,26.19716926093317,17.063492063307894
2023-07-20 16:30:00,2023-07-20 16:50:00,short,1976.39,1975.85,4.4,660.0,382975.0,20.0,5M_GC,34.217176948418036,26.307702031148068,23.465798865318604
2023-07-27 01:55:00,2023-07-27 02:45:00,short,1973.3100000000002,1972.2,10.1,1515.0,384490.0,50.0,5M_GC,78.32742904201238,59.22333683486372,14.107699153809955
2023-07-27 03:55:00,2023-07-27 06:10:00,short,1972.26,1979.47,-73.1,-10965.0,373525.0,135.0,5M_GC,76.43371251381853,84.9762203605866,10.269537296160301
2023-07-27 13:25:00,2023-07-27 15:55:00,short,1975.66,1960.15,154.1,23115.0,396640.0,150.0,5M_GC,50.856707217227516,34.42206338854679,5.286285715210162
2023-07-31 11:50:00,2023-07-31 12:50:00,long,1953.55,1956.74,30.9,4635.0,401275.0,60.0,5M_DC,64.25416655181259,46.736656109153365,91.96938658458227
2023-08-02 10:55:00,2023-08-02 11:35:00,long,1948.49,1951.42,28.3,4245.0,405520.0,40.0,5M_DC,25.716274027058915,51.58189852432778,90.19846850828299
2023-08-03 19:00:00,2023-08-03 20:00:00,long,1933.8999999999999,1935.43,14.3,2145.0,407665.0,60.0,5M_DC,18.670886075875373,54.292929292341604,80.8288988846739
2023-08-04 02:05:00,2023-08-04 04:05:00,long,1935.26,1936.34,9.8,1470.0,409135.0,120.0,5M_DC,36.60630557924801,64.46745601005239,76.05269637678303
2023-08-04 05:25:00,2023-08-04 08:35:00,long,1935.3999999999999,1936.26,7.6,1140.0,410275.0,190.0,5M_DC,41.1366076413346,50.22041974499663,86.86711181775958
2023-08-04 18:05:00,2023-08-04 18:55:00,long,1939.2199999999998,1942.63,33.1,4965.0,415240.0,50.0,5M_DC,62.745767109949874,77.1993360491452,85.82829619895108
2023-08-04 20:30:00,2023-08-04 22:05:00,long,1941.12,1941.32,1.0,150.0,415390.0,95.0,5M_DC,79.00416771789365,76.29394899618394,81.29509098202834
2023-08-14 10:05:00,2023-08-14 10:50:00,long,1912.1,1914.89,26.9,4035.0,419425.0,45.0,5M_DC,20.562635459404483,56.72287130954112,89.01732911122087
2023-08-14 12:05:00,2023-08-14 16:45:00,long,1913.9499999999998,1902.94,-111.1,-16665.0,402760.0,280.0,SL_or_BE,39.426488246837074,37.570160621965464,11.330411735035439
2023-08-15 14:20:00,2023-08-15 16:20:00,long,1902.5,1905.27,26.7,4005.0,406765.0,120.0,5M_DC,28.027777674306886,56.23313821581892,82.66205402935158
2023-08-15 18:30:00,2023-08-16 01:20:00,long,1907.4399999999998,1902.26,-52.8,-7920.0,398845.0,410.0,5M_DC,33.8158791578495,29.580638380590134,75.40650406044317
2023-08-16 07:30:00,2023-08-16 09:45:00,long,1903.78,1905.49,16.1,2415.0,401260.0,135.0,5M_DC,46.55474443659981,83.40652948558089,77.69795606605551
2023-08-21 05:05:00,2023-08-21 05:35:00,long,1886.1299999999999,1890.03,38.0,5700.0,406960.0,30.0,5M_DC,38.46444459320821,50.17692060910423,93.76072522585052
2023-08-21 13:30:00,2023-08-21 14:50:00,long,1887.52,1892.02,44.0,6600.0,413560.0,80.0,5M_DC,64.08334342367623,59.292579663512925,89.84500397613692
2023-08-21 16:55:00,2023-08-21 18:30:00,long,1890.1,1888.84,-13.6,-2040.0,411520.0,95.0,5M_DC,61.41859296089212,22.62132317816553,86.282419643244
2023-08-21 22:45:00,2023-08-21 23:35:00,long,1894.55,1894.6,-0.5,-75.0,411445.0,50.0,5M_DC,74.14477049993124,68.73767258331793,75.04575161914208
2023-08-25 01:35:00,2023-08-25 02:10:00,short,1916.8600000000001,1916.15,6.1,915.0,412360.0,35.0,5M_GC,69.65059419129814,29.800155850765275,19.789628518230515
2023-08-29 13:00:00,2023-08-29 13:35:00,short,1923.8200000000002,1921.46,22.6,3390.0,415750.0,35.0,5M_GC,64.96023787300972,35.74560230534714,9.717039248149703
2023-08-31 10:20:00,2023-08-31 12:05:00,short,1944.94,1944.6,2.4,360.0,416110.0,105.0,5M_GC,73.4419263450893,33.33333333259599,20.228528078436646
2023-08-31 17:10:00,2023-08-31 18:50:00,short,1942.77,1940.84,18.3,2745.0,418855.0,100.0,5M_GC,63.928234182739295,34.93953741202174,23.447417053734394
2023-08-31 19:35:00,2023-08-31 20:30:00,short,1941.74,1940.35,12.9,1935.0,420790.0,55.0,5M_GC,52.0869319879254,21.89505473738986,22.982893663696682
2023-08-31 21:25:00,2023-08-31 22:30:00,short,1941.7,1940.96,6.4,960.0,421750.0,65.0,5M_GC,52.0869319879254,18.27104567740723,19.910317657623526
2023-09-01 20:35:00,2023-09-01 21:35:00,short,1941.38,1940.83,4.5,675.0,422425.0,60.0,5M_GC,42.69781314530659,30.738738738571783,23.902615743815048
2023-09-07 22:55:00,2023-09-08 03:10:00,long,1918.87,1920.95,19.8,2970.0,425395.0,255.0,5M_DC,37.27185398628256,66.28822488245159,84.06906282426802
2023-09-13 02:20:00,2023-09-13 07:15:00,long,1913.24,1910.58,-27.6,-4140.0,421255.0,295.0,5M_DC,23.875210921802992,30.147887323408753,97.69568150641469
2023-09-13 08:55:00,2023-09-13 10:35:00,long,1910.28,1910.81,4.3,645.0,421900.0,100.0,5M_DC,24.431077340228644,44.71830985836839,83.78367117590447
2023-09-13 13:10:00,2023-09-13 16:00:00,long,1911.58,1912.05,3.7,555.0,422455.0,170.0,5M_DC,28.6194058199077,78.92689337365181,77.13963963876957
2023-09-14 04:40:00,2023-09-14 11:45:00,long,1911.29,1906.65,-47.4,-7110.0,415345.0,425.0,5M_DC,42.71025579922908,14.129965457493151,81.06995884241529
2023-09-14 17:15:00,2023-09-14 17:50:00,long,1901.86,1909.31,73.5,11025.0,426370.0,35.0,5M_DC,35.13896670600047,43.79618478328688,91.54265461568106
2023-09-14 18:50:00,2023-09-14 19:20:00,long,1907.1899999999998,1910.45,31.6,4740.0,431110.0,30.0,5M_DC,35.13896670600047,76.27376638381152,91.11962816611316
2023-09-14 20:10:00,2023-09-14 22:35:00,long,1910.4399999999998,1909.2,-13.4,-2010.0,429100.0,145.0,5M_DC,50.044880960173295,70.49327354196943,80.20833332706421
2023-09-18 13:10:00,2023-09-18 15:05:00,short,1926.5900000000001,1926.26,2.3,345.0,429445.0,115.0,5M_GC,78.65551197468149,22.87400099859177,14.860313069568223
2023-09-19 18:05:00,2023-09-19 18:45:00,short,1933.91,1932.53,12.8,1920.0,431365.0,40.0,5M_GC,78.49466037774779,56.644142835169475,17.062969755224756
2023-09-20 11:35:00,2023-09-20 14:45:00,short,1929.97,1931.62,-17.5,-2625.0,428740.0,190.0,5M_GC,24.183263483375907,90.21569903393085,15.580876145975887
2023-09-29 05:50:00,2023-09-29 07:55:00,long,1865.26,1864.96,-4.0,-600.0,428140.0,125.0,5M_DC,24.71900918031487,46.65319623023714,84.21826916855038
2023-10-03 12:10:00,2023-10-03 12:35:00,long,1825.6,1826.08,3.8,570.0,428710.0,25.0,5M_DC,25.11933095912448,76.17948717892939,76.1185090744752
2023-10-03 13:20:00,2023-10-03 17:45:00,long,1826.2099999999998,1829.76,34.5,5175.0,433885.0,265.0,5M_DC,29.790464421463202,63.260197083346526,79.5163584631613
2023-10-04 09:25:00,2023-10-04 10:30:00,long,1818.1499999999999,1819.64,13.9,2085.0,435970.0,65.0,5M_DC,40.993314888599336,44.94776828049853,78.45075605278869
2023-10-06 03:05:00,2023-10-06 04:50:00,long,1821.37,1822.71,12.4,1860.0,437830.0,105.0,5M_DC,49.386057228871834,81.43185429890823,79.64519140766512
2023-10-06 19:25:00,2023-10-06 21:15:00,long,1832.03,1832.46,3.3,495.0,438325.0,110.0,5M_DC,63.194036409816896,84.06331013746484,89.04003970386121
2023-10-19 01:35:00,2023-10-19 03:50:00,short,1949.95,1950.19,-3.4,-510.0,437815.0,135.0,5M_GC,70.14829467890506,57.77163097688475,22.508960572994294
2023-10-20 22:00:00,2023-10-23 02:50:00,short,1979.3400000000001,1970.88,83.6,12540.0,450355.0,3170.0,5M_GC,57.798198662904326,32.48621960775501,5.6749950215502
2023-10-23 20:55:00,2023-10-23 22:30:00,short,1976.0400000000002,1972.64,33.0,4950.0,455305.0,95.0,5M_GC,35.962387257620584,45.51955815590395,8.659492245034698
2023-10-23 23:35:00,2023-10-24 03:55:00,short,1972.97,1973.76,-8.9,-1335.0,453970.0,260.0,5M_GC,32.38341968902598,30.54409632237643,23.697318006980705
2023-10-27 12:15:00,2023-10-27 13:00:00,short,1987.1000000000001,1985.75,12.5,1875.0,455845.0,45.0,5M_GC,63.79283848134057,32.21816472955863,23.713918652081798
2023-10-30 22:55:00,2023-10-31 00:50:00,short,1995.98,1995.19,6.9,1035.0,456880.0,115.0,5M_GC,61.36363636344809,34.96547394819492,23.534661912277723
2023-10-31 16:00:00,2023-10-31 17:10:00,short,2001.14,1995.7,53.4,8010.0,464890.0,70.0,5M_GC,43.42068069662471,47.338569822390944,16.342344093999216
2023-11-01 22:25:00,2023-11-02 00:00:00,long,1977.7199999999998,1982.26,44.4,6660.0,471550.0,95.0,5M_DC,28.72345434514072,53.417455309959315,88.0851525303596
2023-11-02 12:15:00,2023-11-02 12:55:00,long,1986.1,1988.86,26.6,3990.0,475540.0,40.0,5M_DC,72.76550998915677,78.55493512149216,88.3816425096217
2023-11-02 13:40:00,2023-11-02 16:55:00,long,1988.54,1984.26,-43.8,-6570.0,468970.0,195.0,5M_DC,72.25476941532713,50.97813243686002,84.39379451599082
2023-11-07 21:50:00,2023-11-07 22:35:00,long,1968.08,1968.34,1.6,240.0,469210.0,45.0,5M_DC,29.383518159295942,90.55619071563224,84.98213989521226
2023-11-08 14:20:00,2023-11-08 17:40:00,long,1962.24,1951.61,-107.3,-16095.0,453115.0,200.0,SL_or_BE,31.53314475454501,28.836877557932052,13.10805530584796
2023-11-15 03:10:00,2023-11-15 07:35:00,short,1963.1100000000001,1966.58,-35.7,-5355.0,447760.0,265.0,5M_GC,82.56167038147038,91.73367669848648,22.424594886342224
2023-11-15 21:20:00,2023-11-15 22:50:00,short,1961.1000000000001,1959.24,17.6,2640.0,450400.0,90.0,5M_GC,65.64008072282486,26.07594936695754,7.486839770222815
2023-11-22 10:15:00,2023-11-22 10:50:00,short,2004.3000000000002,2000.26,39.4,5910.0,456310.0,35.0,5M_GC,76.62620072735213,75.57297484619194,7.692307692194547
2023-11-22 11:55:00,2023-11-22 12:40:00,short,2002.0400000000002,2000.36,15.8,2370.0,458680.0,45.0,5M_GC,73.4975838525154,50.75268817157501,16.81501308400321
2023-11-22 13:15:00,2023-11-22 15:50:00,short,2001.26,1998.44,27.2,4080.0,462760.0,155.0,5M_GC,73.4975838525154,42.25333533143476,20.752098395734127
2023-11-22 16:55:00,2023-11-22 17:20:00,short,2001.6000000000001,1992.22,92.8,13920.0,476680.0,25.0,5M_GC,59.06545601291693,35.73546187394325,8.165733027213626
2023-11-22 18:05:00,2023-11-22 19:00:00,short,1994.15,1990.66,33.9,5085.0,481765.0,55.0,5M_GC,59.06545601291693,19.05087579613405,14.878465477789012
2023-11-27 05:05:00,2023-11-27 13:45:00,short,2010.5500000000002,2012.61,-21.6,-3240.0,478525.0,520.0,5M_GC,76.42857142828383,73.61579524220147,13.933249392927399
2023-11-27 14:20:00,2023-11-27 18:25:00,short,2013.5,2008.8,46.0,6900.0,485425.0,245.0,5M_GC,75.3088456318861,34.848097549775474,17.001745045808647
2023-11-30 04:55:00,2023-11-30 05:45:00,short,2045.8000000000002,2044.62,10.8,1620.0,487045.0,50.0,5M_GC,63.60254902084856,47.04695481464097,20.639004689132637
2023-11-30 21:45:00,2023-12-01 05:05:00,short,2036.46,2040.84,-44.8,-6720.0,480325.0,440.0,5M_GC,45.04207830198536,69.93865030603513,17.73049645326945
2023-12-04 05:05:00,2023-12-04 08:15:00,short,2087.28,2086.18,10.0,1500.0,481825.0,190.0,5M_GC,43.56048182723362,19.4070748452855,19.47791164619395
2023-12-06 17:05:00,2023-12-06 17:50:00,long,2025.6299999999999,2029.68,39.5,5925.0,487750.0,45.0,5M_DC,56.966821623740124,53.21824381892617,79.14034172830156
2023-12-06 18:35:00,2023-12-06 20:10:00,long,2025.73,2028.75,29.2,4380.0,492130.0,95.0,5M_DC,64.76228885239516,73.47264310781036,80.25670482461477
2023-12-06 21:30:00,2023-12-07 01:40:00,long,2029.1599999999999,2026.71,-25.5,-3825.0,488305.0,250.0,5M_DC,62.89272419657264,37.988250590253706,76.69172932043055
2023-12-12 04:15:00,2023-12-12 05:35:00,long,1983.07,1984.89,17.2,2580.0,490885.0,80.0,5M_DC,21.422623578510997,57.188109161375756,85.17705015145002
2023-12-15 14:15:00,2023-12-15 15:05:00,short,2043.19,2041.38,17.1,2565.0,493450.0,50.0,5M_GC,60.29936346528211,54.3301630658544,14.67084070563691
2023-12-15 17:25:00,2023-12-15 20:30:00,short,2036.2800000000002,2020.91,152.7,22905.0,516355.0,185.0,5M_GC,20.15950976613493,23.72361742746224,5.3811910064540305
2023-12-22 09:45:00,2023-12-22 13:20:00,short,2049.61,2059.61,-101.0,-15150.0,501205.0,215.0,SL_or_BE,86.70088520803318,85.08411561280526,89.62875450832236
2023-12-22 20:00:00,2023-12-22 21:45:00,short,2055.15,2053.42,16.3,2445.0,503650.0,105.0,5M_GC,70.12354286416952,22.475472740316945,20.471596998595498
2023-12-26 13:00:00,2023-12-26 14:20:00,short,2063.17,2062.89,1.8,270.0,503920.0,80.0,5M_GC,63.68581936171635,56.614162094572286,13.361641895805816
2023-12-28 12:15:00,2023-12-28 12:50:00,short,2078.11,2076.24,17.7,2655.0,506575.0,35.0,5M_GC,63.0458648273837,21.579490337005698,21.44736842052144
2023-12-28 19:40:00,2023-12-28 21:25:00,short,2075.28,2069.41,57.7,8655.0,515230.0,105.0,5M_GC,34.446919079308614,21.208647013192177,15.51844764830958
2024-01-02 04:10:00,2024-01-02 04:50:00,long,2064.74,2067.41,25.7,3855.0,519085.0,40.0,5M_DC,50.72527767545432,65.95807587454128,81.91330343613326
2024-01-03 05:30:00,2024-01-03 12:20:00,long,2064.0499999999997,2054.0499999999997,-101.0,-15150.0,503935.0,410.0,SL_or_BE,17.866190374119288,18.280989965721016,21.665085864748647
2024-01-04 10:45:00,2024-01-04 11:45:00,long,2047.07,2049.15,19.8,2970.0,506905.0,60.0,5M_DC,38.451968733327256,74.27592133326102,76.50736591289986
2024-01-05 22:20:00,2024-01-08 17:00:00,long,2044.78,2026.56,-183.2,-27480.0,479425.0,4000.0,SL_or_BE,35.077519379756076,41.236212495566114,39.4403557636281
2024-01-12 02:25:00,2024-01-12 03:40:00,long,2031.4299999999998,2033.19,16.6,2490.0,481915.0,75.0,5M_DC,40.23471145551161,91.16719242861119,85.44337315946932
2024-01-23 05:15:00,2024-01-23 06:00:00,long,2022.6799999999998,2027.55,47.7,7155.0,489070.0,45.0,5M_DC,45.626466064456565,84.84856545093704,94.85340774974344
2024-01-29 04:10:00,2024-01-29 05:00:00,long,2023.01,2025.81,27.0,4050.0,493120.0,50.0,5M_DC,44.06868527968007,69.93248461700018,92.7536838519748
2024-01-29 07:20:00,2024-01-29 08:25:00,long,2025.1399999999999,2027.34,21.0,3150.0,496270.0,65.0,5M_DC,58.84846707777277,85.10913225186232,93.82868889632637
2024-01-29 16:50:00,2024-01-29 18:00:00,long,2023.51,2025.47,18.6,2790.0,499060.0,70.0,5M_DC,78.92645427242583,28.72745629087248,85.60555421743321
2024-01-31 12:15:00,2024-01-31 14:25:00,long,2038.2199999999998,2038.19,-1.3,-195.0,498865.0,130.0,5M_DC,51.54933614374954,61.139005758922146,79.95374888585881
2024-02-05 02:00:00,2024-02-05 03:45:00,long,2038.2199999999998,2036.78,-15.4,-2310.0,496555.0,105.0,5M_DC,25.73738450597254,62.03551893806347,75.91614501594364
2024-02-06 08:40:00,2024-02-06 13:40:00,long,2027.4499999999998,2026.48,-10.7,-1605.0,494950.0,300.0,5M_DC,48.853470344418504,27.233429394422668,89.95461466911337
2024-02-12 21:40:00,2024-02-12 22:55:00,long,2019.83,2020.03,1.0,150.0,495100.0,75.0,5M_DC,23.21094534492704,53.28653477949424,78.70506621253331
2024-02-13 01:20:00,2024-02-13 03:10:00,long,2019.1699999999998,2020.31,10.4,1560.0,496660.0,110.0,5M_DC,40.114751250376464,78.78787878706558,78.91084446727564
2024-02-13 04:20:00,2024-02-13 06:00:00,long,2019.53,2018.45,-11.8,-1770.0,494890.0,100.0,5M_DC,47.938600370098044,46.28907436463908,86.7623604424143
2024-02-15 03:45:00,2024-02-15 04:50:00,long,1993.01,1993.19,0.8,120.0,495010.0,65.0,5M_DC,39.94710572979992,63.95152280702634,78.628038621898
2024-02-15 08:00:00,2024-02-15 09:00:00,long,1992.2099999999998,1992.9,5.9,885.0,495895.0,60.0,5M_DC,66.70098754146433,66.66928050142417,81.19132957411584
2024-02-21 17:25:00,2024-02-21 18:10:00,short,2028.93,2023.93,49.0,7350.0,503245.0,45.0,5M_GC,66.80144562858793,12.983765842271827,8.69274957026949
2024-02-22 14:00:00,2024-02-22 15:15:00,short,2029.16,2027.23,18.3,2745.0,505990.0,75.0,5M_GC,58.231200259469375,29.640054230926495,20.20502645419401
2024-02-23 09:55:00,2024-02-23 10:55:00,short,2021.65,2019.48,20.7,3105.0,509095.0,60.0,5M_GC,23.127098427542787,27.826086956219314,16.144993242481437
2024-02-26 18:00:00,2024-02-26 21:40:00,short,2028.0900000000001,2028.87,-8.8,-1320.0,507775.0,220.0,5M_GC,58.0398204375586,41.76194447483761,22.612085768659046
2024-02-28 07:30:00,2024-02-28 08:55:00,short,2030.47,2029.19,11.8,1770.0,509545.0,85.0,5M_GC,28.042028704801996,27.786632912421215,10.48533419773788
2024-03-08 05:45:00,2024-03-08 06:50:00,short,2157.25,2157.75,-6.0,-900.0,508645.0,65.0,5M_GC,79.34115198323273,26.848069044093382,23.297491038589367
2024-03-08 21:50:00,2024-03-11 01:00:00,short,2175.9500000000003,2178.04,-21.9,-3285.0,505360.0,3070.0,5M_GC,69.9199199197701,50.210707810929385,12.603714091482251
2024-03-11 01:30:00,2024-03-11 03:30:00,short,2181.9,2181.85,-0.5,-75.0,505285.0,120.0,5M_GC,69.9199199197701,54.30344548675472,8.875681271017156
2024-03-11 05:55:00,2024-03-11 08:00:00,short,2179.36,2177.61,16.5,2475.0,507760.0,125.0,5M_GC,63.49914742409678,22.609326882113937,18.371607515276235
2024-03-11 09:05:00,2024-03-11 10:50:00,short,2179.34,2178.42,8.2,1230.0,508990.0,105.0,5M_GC,63.49914742409678,24.243800380405656,11.605310672642169
2024-03-11 12:00:00,2024-03-11 12:45:00,short,2179.79,2178.01,16.8,2520.0,511510.0,45.0,5M_GC,63.31874189349062,24.035921237219537,15.875180528504702
2024-03-11 14:10:00,2024-03-11 15:10:00,short,2178.86,2176.76,20.0,3000.0,514510.0,60.0,5M_GC,63.31874189349062,42.85509162651436,24.44773120826514
2024-03-12 02:10:00,2024-03-12 03:00:00,short,2183.4900000000002,2180.88,25.1,3765.0,518275.0,50.0,5M_GC,63.1548328165942,62.604015928018036,6.542156815093019
2024-03-12 14:50:00,2024-03-12 15:20:00,short,2172.33,2165.52,67.1,10065.0,528340.0,30.0,5M_GC,24.784881608857685,25.38017310696594,23.923581408509595
2024-03-13 05:20:00,2024-03-13 07:20:00,long,2159.7799999999997,2158.87,-10.1,-1515.0,526825.0,120.0,5M_DC,24.25824113091358,78.1235730584383,75.22237349355403
2024-03-14 02:20:00,2024-03-14 10:30:00,long,2174.69,2169.52,-52.7,-7905.0,518920.0,490.0,5M_DC,67.69739468966718,16.300174519898363,84.38757941343836
2024-03-15 01:00:00,2024-03-15 03:00:00,long,2161.65,2163.16,14.1,2115.0,521035.0,120.0,5M_DC,32.8536285361649,75.05429401738895,86.78858214298025
2024-04-01 18:35:00,2024-04-01 20:10:00,short,2238.4,2238.6,-3.0,-450.0,520585.0,95.0,5M_GC,75.00974167724765,32.709861952482406,23.741388446895694
2024-04-02 17:05:00,2024-04-02 18:05:00,short,2268.2200000000003,2259.6,85.2,12780.0,533365.0,60.0,5M_GC,76.36390591680923,50.94655575414217,13.805083029982944
2024-04-02 19:05:00,2024-04-02 21:00:00,short,2257.2000000000003,2267.99,-108.9,-16335.0,517030.0,115.0,SL_or_BE,80.10431058703485,57.54680932343346,90.43067154508189
2024-04-04 23:35:00,2024-04-05 01:50:00,short,2290.34,2289.22,10.2,1530.0,518560.0,135.0,5M_GC,50.43034970846352,33.398335933306825,16.567263087807508
2024-04-08 11:15:00,2024-04-08 11:40:00,short,2337.92,2334.98,28.4,4260.0,522820.0,25.0,5M_GC,75.69346036089091,66.21595140100659,16.861356931915285
2024-04-09 16:25:00,2024-04-09 17:15:00,short,2352.75,2362.75,-101.0,-15150.0,507670.0,50.0,SL_or_BE,75.94417313541562,42.44509669647038,89.52935399342311
2024-04-09 17:25:00,2024-04-09 18:20:00,short,2360.9300000000003,2346.91,139.2,20880.0,528550.0,55.0,5M_GC,75.94417313541562,35.60525099551646,21.428281546085312
2024-04-09 20:55:00,2024-04-09 22:20:00,short,2347.1600000000003,2346.37,6.9,1035.0,529585.0,85.0,5M_GC,67.58618508605365,42.284942183408,19.11812961403081
2024-04-10 23:25:00,2024-04-11 05:40:00,short,2332.81,2343.17,-104.6,-15690.0,513895.0,375.0,SL_or_BE,41.30486422610519,70.21891879237705,86.29485079985051
2024-04-12 18:05:00,2024-04-12 18:30:00,short,2421.34,2394.64,266.0,39900.0,553795.0,25.0,5M_GC,76.55055058961125,70.41987223878185,10.725902825218492
2024-04-17 20:40:00,2024-04-17 22:20:00,short,2373.4900000000002,2370.15,32.4,4860.0,558655.0,100.0,5M_GC,34.40711123425093,34.80193236704938,12.610308282380329
2024-04-17 23:05:00,2024-04-17 23:45:00,short,2372.37,2371.01,12.6,1890.0,560545.0,40.0,5M_GC,34.40711123425093,29.469840498662787,19.726884074907087
2024-04-19 01:20:00,2024-04-19 02:05:00,short,2379.9,2379.13,6.7,1005.0,561550.0,45.0,5M_GC,67.26580843640068,44.16232023262768,16.869918698162476
2024-04-22 02:20:00,2024-04-22 03:55:00,short,2386.4900000000002,2382.14,42.5,6375.0,567925.0,95.0,5M_GC,44.485903814169696,25.373998520606452,18.384954721645364
2024-04-24 09:40:00,2024-04-24 11:45:00,long,2326.21,2316.21,-101.0,-15150.0,552775.0,125.0,SL_or_BE,67.39525199311704,41.82795698897715,33.46413028161228
2024-04-24 18:50:00,2024-04-24 22:25:00,long,2326.6,2321.98,-47.2,-7080.0,545695.0,215.0,5M_DC,67.07918856518943,36.721812355470654,76.04536773991693
2024-04-25 23:00:00,2024-04-26 04:55:00,long,2333.08,2332.1,-10.8,-1620.0,544075.0,355.0,5M_DC,69.55795103182997,55.68428652945511,87.53013454355836
2024-05-01 23:00:00,2024-05-01 23:40:00,long,2310.95,2317.67,66.2,9930.0,554005.0,40.0,5M_DC,53.35843812710758,71.93047242119776,88.02272393479832
2024-05-03 09:20:00,2024-05-03 12:05:00,long,2301.63,2301.29,-4.4,-660.0,553345.0,165.0,5M_DC,45.70809675666299,26.715239829751216,76.70454545236565
2024-05-03 13:30:00,2024-05-03 16:30:00,long,2299.69,2282.07,-177.2,-26580.0,526765.0,180.0,SL_or_BE,45.51036266310189,28.02614858680941,21.064560547752635
2024-05-03 21:35:00,2024-05-03 23:05:00,long,2298.7599999999998,2301.07,22.1,3315.0,530080.0,90.0,5M_DC,51.380890876895535,54.301075268692266,83.82475507363937
2024-05-06 01:30:00,2024-05-06 03:15:00,long,2302.2799999999997,2292.2799999999997,-101.0,-15150.0,514930.0,105.0,SL_or_BE,50.08448540695061,54.73042308667892,13.991498390733303
2024-05-07 20:45:00,2024-05-07 21:20:00,short,2316.07,2314.55,14.2,2130.0,517060.0,35.0,5M_GC,30.165842713698378,27.870036100882995,21.248025275958984
2024-05-13 02:15:00,2024-05-13 02:55:00,short,2361.38,2360.33,9.5,1425.0,518485.0,40.0,5M_GC,79.78977816813061,24.364175840401604,13.700181158907192
2024-05-20 12:15:00,2024-05-20 13:10:00,short,2445.0,2441.3,36.0,5400.0,523885.0,55.0,5M_GC,77.36210826458796,57.03840203372929,13.575586974377009
2024-05-21 04:00:00,2024-05-21 05:05:00,short,2430.64,2422.01,85.3,12795.0,536680.0,65.0,5M_GC,47.60385135438784,22.269798610113124,13.83365455883875
2024-05-22 19:10:00,2024-05-22 20:45:00,short,2392.4100000000003,2388.33,39.8,5970.0,542650.0,95.0,5M_GC,17.086269024787224,22.95597484270586,18.40806431899366
2024-07-08 17:15:00,2024-07-08 18:05:00,short,2375.73,2374.62,10.1,1515.0,544165.0,50.0,5M_GC,40.27551092759407,28.395332205120813,12.600373585056564
2024-07-08 20:00:00,2024-07-09 06:55:00,short,2357.56,2367.71,-102.5,-15375.0,528790.0,655.0,SL_or_BE,27.98599506637761,87.63705949896041,95.31096680853447
2024-07-09 19:05:00,2024-07-09 19:50:00,short,2362.14,2359.0,30.4,4560.0,533350.0,45.0,5M_GC,23.678507933970057,32.95369546991796,19.236030420335876
2024-07-15 05:00:00,2024-07-15 07:45:00,short,2408.6600000000003,2411.31,-27.5,-4125.0,529225.0,165.0,5M_GC,65.59159631891752,49.372704628740316,10.127429273918976
2024-07-16 04:20:00,2024-07-16 06:40:00,short,2424.04,2427.75,-38.1,-5715.0,523510.0,140.0,5M_GC,64.44152903217218,70.63384441627495,13.333333333058784
2024-07-17 17:00:00,2024-07-17 17:25:00,short,2476.35,2469.54,67.1,10065.0,533575.0,25.0,5M_GC,74.3664840333623,59.15949043790392,24.469160768328763
2024-07-22 23:55:00,2024-07-23 03:10:00,long,2396.43,2396.11,-4.2,-630.0,532945.0,195.0,5M_DC,37.279533411187394,80.12966136601165,82.15686274159098
2024-08-02 17:10:00,2024-08-02 18:00:00,short,2471.79,2430.78,409.1,61365.0,594310.0,50.0,5M_GC,67.54392650346232,34.678654703807325,7.826250630028636
2024-08-02 19:05:00,2024-08-02 20:25:00,short,2437.06,2426.76,102.0,15300.0,609610.0,80.0,5M_GC,55.21475875024734,29.486221159072823,20.041934623533916
2024-08-05 10:35:00,2024-08-05 11:35:00,short,2441.12,2427.57,134.5,20175.0,629785.0,60.0,5M_GC,33.612398465091545,32.43283471005673,12.613235118464358
2024-08-07 11:35:00,2024-08-07 14:55:00,short,2392.32,2402.32,-101.0,-15150.0,614635.0,200.0,SL_or_BE,45.21190257581326,90.60974343781209,81.53918533840113
2024-08-07 20:00:00,2024-08-07 20:35:00,short,2397.51,2393.54,38.7,5805.0,620440.0,35.0,5M_GC,43.38646664685118,32.53396105612165,21.50589488148785
2024-08-14 03:20:00,2024-08-14 05:05:00,short,2465.59,2463.08,24.1,3615.0,624055.0,105.0,5M_GC,55.16693933143688,30.087851121384002,9.12427421611509
2024-08-15 12:15:00,2024-08-15 15:20:00,short,2456.61,2466.61,-101.0,-15150.0,608905.0,185.0,SL_or_BE,28.55315747395232,58.226109728566314,85.76386149025241
2024-08-20 07:05:00,2024-08-20 09:00:00,short,2501.63,2500.41,11.2,1680.0,610585.0,115.0,5M_GC,79.22933531353361,25.594341137797425,15.890633672005505
2024-08-20 20:30:00,2024-08-20 22:20:00,short,2510.8,2512.54,-18.4,-2760.0,607825.0,110.0,5M_GC,68.89441451235417,39.48900388085655,18.57316124177095
2024-08-21 02:35:00,2024-08-21 03:05:00,short,2515.14,2513.55,14.9,2235.0,610060.0,30.0,5M_GC,57.61325806906056,46.96178800622166,15.520923520480538
2024-08-21 07:05:00,2024-08-21 07:45:00,short,2517.04,2514.92,20.2,3030.0,613090.0,40.0,5M_GC,58.928862527233406,77.05010535614653,16.51134797169824
2024-08-21 08:25:00,2024-08-21 09:10:00,short,2515.85,2513.8,19.5,2925.0,616015.0,45.0,5M_GC,48.10806412945768,49.118942730737444,18.530934957028986
2024-08-21 09:35:00,2024-08-21 10:10:00,short,2517.3,2515.69,15.1,2265.0,618280.0,35.0,5M_GC,48.10806412945768,34.11993827584917,24.184914841497548
2024-08-22 12:45:00,2024-08-22 14:15:00,short,2506.3,2504.39,18.1,2715.0,620995.0,90.0,5M_GC,32.59007306614138,39.50474134962129,19.72973255839205
2024-08-22 15:50:00,2024-08-22 16:45:00,short,2502.2400000000002,2486.13,160.1,24015.0,645010.0,55.0,5M_GC,31.164496575464593,21.268660206346826,15.495422681689776
2024-08-22 18:05:00,2024-08-22 20:25:00,short,2478.55,2480.8,-23.5,-3525.0,641485.0,140.0,5M_GC,27.853501165535153,31.204998750740305,12.547157391462974
2024-08-27 11:30:00,2024-08-27 13:00:00,short,2510.28,2507.36,28.2,4230.0,645715.0,90.0,5M_GC,22.320850302550664,43.95448079627359,7.825703101232729
2024-08-30 14:25:00,2024-08-30 16:15:00,short,2521.03,2516.76,41.7,6255.0,651970.0,110.0,5M_GC,48.20288498251065,39.8168517162545,18.077252682177587
2024-09-02 06:35:00,2024-09-02 10:15:00,short,2493.94,2497.51,-36.7,-5505.0,646465.0,220.0,5M_GC,27.919362580217676,49.46808510605362,21.111811713563117
2024-09-09 10:45:00,2024-09-09 11:35:00,short,2494.27,2491.29,28.8,4320.0,650785.0,50.0,5M_GC,23.580554925477628,43.89261744937043,21.92353643927414
2024-09-11 14:15:00,2024-09-11 15:20:00,short,2521.88,2517.95,38.3,5745.0,656530.0,65.0,5M_GC,66.19876290039939,35.67088622228141,9.52986231354013
2024-09-11 23:10:00,2024-09-12 02:15:00,short,2512.51,2512.46,-0.5,-75.0,656455.0,185.0,5M_GC,43.75898609006891,55.02268035609392,13.13607834941339
2024-09-16 22:45:00,2024-09-17 04:00:00,short,2581.8,2580.87,8.3,1245.0,657700.0,315.0,5M_GC,43.0481485177609,56.737844320589716,9.2219723451226
2024-09-17 05:15:00,2024-09-17 06:20:00,short,2584.8,2578.73,59.7,8955.0,666655.0,65.0,5M_GC,43.0481485177609,38.22432020895965,5.334048917589755
2024-09-17 14:25:00,2024-09-17 15:40:00,short,2575.83,2573.22,25.1,3765.0,670420.0,75.0,5M_GC,31.650622404792486,42.70721241407144,21.00099506463255
2024-09-17 17:25:00,2024-09-17 18:35:00,short,2578.37,2564.68,135.9,20385.0,690805.0,70.0,5M_GC,29.11951798641177,29.5671849949232,12.177079389565685
2024-09-17 20:55:00,2024-09-18 03:25:00,short,2569.76,2572.86,-32.0,-4800.0,686005.0,390.0,5M_GC,26.510784960830716,61.22562219470054,22.337920798067827
2024-09-24 01:00:00,2024-09-24 02:35:00,short,2627.21,2626.38,7.3,1095.0,687100.0,95.0,5M_GC,78.01136097313234,27.625472656002568,17.639635375153052
2024-09-24 08:00:00,2024-09-24 08:50:00,short,2637.42,2631.35,59.7,8955.0,696055.0,50.0,5M_GC,75.68400137549979,63.925735677268456,14.192842866540849
2024-09-24 11:10:00,2024-09-24 14:45:00,short,2627.92,2626.41,14.1,2115.0,698170.0,215.0,5M_GC,76.977887919235,43.497330281976666,15.325375801449908
2024-09-25 20:40:00,2024-09-25 21:25:00,short,2661.73,2661.17,4.6,690.0,698860.0,45.0,5M_GC,70.97930195649343,47.82362916875184,23.853011154003145
2024-09-26 01:35:00,2024-09-26 02:15:00,short,2658.6600000000003,2658.36,2.0,300.0,699160.0,40.0,5M_GC,69.02555140251351,41.8127002070371,17.914438501906954
2024-09-27 06:50:00,2024-09-27 07:30:00,short,2672.89,2670.56,22.3,3345.0,702505.0,40.0,5M_GC,57.46364173212317,41.34366925029108,14.436334144007384
2024-09-27 09:25:00,2024-09-27 11:45:00,short,2667.6800000000003,2663.13,44.5,6675.0,709180.0,140.0,5M_GC,44.924050945792125,23.619125715393242,22.761033319241566
2024-09-27 12:55:00,2024-09-27 15:15:00,short,2663.57,2663.88,-4.1,-615.0,708565.0,140.0,5M_GC,42.75943974525193,53.61693700622749,14.57159993980333
2024-10-02 04:55:00,2024-10-02 06:50:00,short,2660.4500000000003,2655.71,46.4,6960.0,715525.0,115.0,5M_GC,69.5047186056289,17.838356788214437,8.425249939282383
2024-10-02 19:05:00,2024-10-02 20:25:00,short,2650.57,2648.12,23.5,3525.0,719050.0,80.0,5M_GC,41.380687518064235,42.60921603810891,14.008620689354116
2024-10-03 09:30:00,2024-10-03 10:30:00,short,2655.25,2649.21,59.4,8910.0,727960.0,60.0,5M_GC,38.56090837542626,20.3796765907919,9.833797034122467
2024-10-03 15:00:00,2024-10-03 16:00:00,short,2648.07,2644.01,39.6,5940.0,733900.0,60.0,5M_GC,37.120263002385094,28.261848588426258,8.700987017270993
2024-10-04 14:55:00,2024-10-04 15:20:00,short,2661.2200000000003,2656.65,44.7,6705.0,740605.0,25.0,5M_GC,61.34020509031205,24.28199406544108,15.343915343669325
2024-10-04 20:35:00,2024-10-04 21:25:00,short,2646.14,2646.58,-5.4,-810.0,739795.0,50.0,5M_GC,36.70323092625204,39.215172172594386,20.139287734786567
2024-10-07 09:55:00,2024-10-07 11:00:00,short,2643.09,2653.09,-101.0,-15150.0,724645.0,65.0,SL_or_BE,45.69131270744879,65.7644041906018,92.85828824908755
2024-10-07 16:25:00,2024-10-07 17:05:00,short,2646.98,2643.65,32.3,4845.0,729490.0,40.0,5M_GC,37.71193847219644,15.92541647555001,18.47553455116353
2024-10-07 18:45:00,2024-10-07 19:25:00,short,2648.01,2643.4,45.1,6765.0,736255.0,40.0,5M_GC,37.71193847219644,30.750420296359767,11.877368434690256
2024-10-07 22:40:00,2024-10-07 23:25:00,short,2643.46,2642.71,6.5,975.0,737230.0,45.0,5M_GC,29.26061877286524,20.802512182282637,16.02002838189786
2024-10-09 18:15:00,2024-10-09 19:40:00,short,2614.4900000000002,2609.36,50.3,7545.0,744775.0,85.0,5M_GC,20.47244094483953,34.1656987996465,12.318761753772
2024-10-15 02:15:00,2024-10-15 06:25:00,short,2650.35,2647.44,28.1,4215.0,748990.0,250.0,5M_GC,23.109442599482446,41.276096458427894,14.29132890178286
2024-10-17 07:25:00,2024-10-17 12:30:00,short,2677.77,2678.77,-11.0,-1650.0,747340.0,305.0,5M_GC,77.82873910683902,60.281238017758916,14.164547580157935
2024-10-17 14:00:00,2024-10-17 15:00:00,short,2687.48,2680.35,70.3,10545.0,757885.0,60.0,5M_GC,77.82873910683902,61.99131651215438,5.621986007991427
2024-10-21 20:10:00,2024-10-21 21:15:00,short,2724.59,2720.27,42.2,6330.0,764215.0,65.0,5M_GC,64.82689529841701,19.07488704250672,13.725986922254728
2024-10-25 13:00:00,2024-10-25 13:30:00,short,2720.63,2718.67,18.6,2790.0,767005.0,30.0,5M_GC,39.20049065452599,20.436026799646527,24.399999999511007
2024-10-28 04:10:00,2024-10-28 05:25:00,short,2731.83,2732.88,-11.5,-1725.0,765280.0,75.0,5M_GC,72.32888599607594,32.19336219322165,23.5857267182709
2024-10-28 12:45:00,2024-10-28 15:35:00,short,2731.04,2742.59,-116.5,-17475.0,747805.0,170.0,SL_or_BE,62.57728603949656,47.72998805228351,97.24640172307308
2024-10-31 09:45:00,2024-10-31 10:25:00,short,2782.1600000000003,2778.45,36.1,5415.0,753220.0,40.0,5M_GC,65.8032742779161,16.760585023788433,7.32373698554026
2024-11-01 17:35:00,2024-11-01 18:20:00,short,2747.55,2743.44,40.1,6015.0,759235.0,45.0,5M_GC,28.188369372278174,23.63636363625888,17.6826899322968
2024-11-06 06:50:00,2024-11-06 08:15:00,short,2740.28,2733.91,62.7,9405.0,768640.0,85.0,5M_GC,64.17470759085374,38.07492525591892,13.19251187774133
2024-11-06 09:25:00,2024-11-06 11:35:00,short,2725.51,2718.45,69.6,10440.0,779080.0,130.0,5M_GC,64.17470759085374,48.696674272180246,14.822185980750954
2024-11-13 04:25:00,2024-11-13 05:00:00,long,2607.2,2611.76,44.6,6690.0,785770.0,35.0,5M_DC,30.937711249592496,90.58545624365748,90.83561893605683
2024-11-13 12:20:00,2024-11-13 14:10:00,long,2609.14,2611.43,21.9,3285.0,789055.0,110.0,5M_DC,52.25056386662239,72.95284761022457,85.08260446911994
2024-11-15 12:10:00,2024-11-15 12:40:00,long,2564.27,2569.0,46.3,6945.0,796000.0,30.0,5M_DC,59.53543320848152,69.22008391770882,84.64271216349067
2024-11-15 21:40:00,2024-11-18 01:25:00,long,2563.47,2573.97,104.0,15600.0,811600.0,3105.0,5M_DC,67.5362650802856,36.35817307670507,93.15257267190957
2024-11-26 19:20:00,2024-11-26 21:05:00,long,2626.21,2625.64,-6.7,-1005.0,810595.0,105.0,5M_DC,27.29150773390167,37.81889462598094,81.28378979270256
2024-11-27 02:30:00,2024-11-27 04:30:00,long,2629.64,2637.32,75.8,11370.0,821965.0,120.0,5M_DC,53.263171343663224,74.46437219882954,91.14448730485755
2024-12-03 23:45:00,2024-12-04 02:50:00,short,2643.37,2640.44,28.3,4245.0,826210.0,185.0,5M_GC,53.40466415220086,38.765179555298886,11.634122285038439
2024-12-04 11:35:00,2024-12-04 15:05:00,short,2641.5,2637.64,37.6,5640.0,831850.0,210.0,5M_GC,58.123646936895085,51.71849548781548,19.06857396931953
2024-12-05 11:55:00,2024-12-05 15:45:00,short,2644.71,2647.12,-25.1,-3765.0,828085.0,230.0,5M_GC,67.01725997815429,68.1862745093024,15.005303164983353
2024-12-06 22:30:00,2024-12-06 23:00:00,short,2635.34,2632.27,29.7,4455.0,832540.0,30.0,5M_GC,50.99380535197605,47.253886010118066,12.207105063969964
2024-12-12 05:40:00,2024-12-12 08:20:00,short,2708.23,2711.87,-37.4,-5610.0,826930.0,160.0,5M_GC,74.53867294842051,59.2309558464608,16.072351420935792
2024-12-16 22:25:00,2024-12-17 03:20:00,long,2652.7999999999997,2656.66,37.6,5640.0,832570.0,295.0,5M_DC,39.49514778981686,65.30742721278128,90.50545853007577
2024-12-18 08:25:00,2024-12-18 09:10:00,long,2645.87,2646.4,4.3,645.0,833215.0,45.0,5M_DC,56.51163928567365,39.696633369889575,76.22549019337966
2024-12-18 09:55:00,2024-12-18 10:55:00,long,2644.7599999999998,2647.9,30.4,4560.0,837775.0,60.0,5M_DC,56.51163928567365,42.265825495580465,87.17602634681712
2024-12-19 04:45:00,2024-12-19 08:45:00,long,2609.48,2612.53,29.5,4425.0,842200.0,240.0,5M_DC,44.44765065159741,68.33770755986855,88.48039215604979
2024-12-20 04:30:00,2024-12-20 06:10:00,long,2597.38,2599.45,19.7,2955.0,845155.0,100.0,5M_DC,27.9408805456158,57.26198749091458,84.72666361892708
2024-12-20 07:05:00,2024-12-20 07:50:00,long,2597.97,2600.4,23.3,3495.0,848650.0,45.0,5M_DC,27.9408805456158,64.62821403707677,90.51726464696013
2024-12-31 01:00:00,2024-12-31 02:00:00,long,2605.96,2606.3,2.4,360.0,849010.0,60.0,5M_DC,29.631969101357267,57.029428664407504,78.38111385784933
2024-12-31 04:20:00,2024-12-31 06:55:00,long,2608.95,2606.52,-25.3,-3795.0,845215.0,155.0,5M_DC,31.074416259670432,37.893919390778635,85.37674418228177
2025-01-09 07:15:00,2025-01-09 10:05:00,short,2659.55,2661.78,-23.3,-3495.0,841720.0,170.0,5M_GC,64.1066940253455,79.20790558091188,9.320183557368727
2025-01-09 20:25:00,2025-01-10 10:20:00,short,2669.92,2679.92,-101.0,-15150.0,826570.0,835.0,SL_or_BE,82.52283855245129,89.44130845905808,73.0442470230991
2025-01-13 02:10:00,2025-01-13 02:45:00,short,2691.9900000000002,2689.36,25.3,3795.0,830365.0,35.0,5M_GC,78.16806457261826,60.10168946597067,20.864770269185893
2025-01-13 04:15:00,2025-01-13 05:20:00,short,2688.85,2686.49,22.6,3390.0,833755.0,65.0,5M_GC,68.90235169339972,43.481352589934055,24.05094171987821
2025-01-17 09:10:00,2025-01-17 09:55:00,short,2711.9300000000003,2710.48,13.5,2025.0,835780.0,45.0,5M_GC,61.301268963160965,26.528742805074184,21.18045815758737
2025-01-31 22:55:00,2025-02-03 01:40:00,short,2800.75,2791.99,86.6,12990.0,848770.0,3045.0,5M_GC,50.86687058224439,25.330083763398505,24.79569456291598
2025-02-06 08:30:00,2025-02-06 09:00:00,short,2869.92,2860.72,91.0,13650.0,862420.0,30.0,5M_GC,64.36899387461692,25.049510775250223,14.335560239490412
2025-02-06 17:55:00,2025-02-07 03:15:00,short,2850.5,2862.57,-121.7,-18255.0,844165.0,560.0,SL_or_BE,49.720207253783194,92.06532359872857,61.575273154037404
2025-02-07 20:15:00,2025-02-10 02:25:00,short,2864.64,2867.17,-26.3,-3945.0,840220.0,3250.0,5M_GC,57.31027492704205,37.14268645589765,24.32182182120208
2025-02-11 08:10:00,2025-02-11 08:45:00,short,2926.1,2917.09,89.1,13365.0,853585.0,35.0,5M_GC,76.93302705099067,39.506210216660214,9.519825314804066
2025-02-11 23:15:00,2025-02-12 02:10:00,short,2898.55,2897.32,11.3,1695.0,855280.0,175.0,5M_GC,28.91851574149689,38.81918662231732,21.6013554707373
2025-02-20 16:50:00,2025-02-20 21:25:00,short,2937.54,2937.94,-5.0,-750.0,854530.0,275.0,5M_GC,53.26356375639432,52.855027466696775,18.115414923501575
2025-02-21 03:20:00,2025-02-21 03:55:00,short,2947.8,2928.41,192.9,28935.0,883465.0,35.0,5M_GC,48.13182777917522,46.45275029553223,9.885057471221584
2025-02-21 04:45:00,2025-02-21 05:15:00,short,2940.12,2932.36,76.6,11490.0,894955.0,30.0,5M_GC,38.768016157058504,28.480960365362648,18.654609279428435
2025-02-25 04:25:00,2025-02-25 05:00:00,short,2949.8,2948.88,8.2,1230.0,896185.0,35.0,5M_GC,72.93032981634956,49.89137864463887,22.781976453704427
2025-02-25 19:55:00,2025-02-26 01:50:00,short,2907.53,2918.73,-113.0,-16950.0,879235.0,355.0,SL_or_BE,37.11209006357737,48.160554771894304,89.65118656332855
2025-03-05 05:40:00,2025-03-05 08:15:00,short,2910.6800000000003,2920.6800000000003,-101.0,-15150.0,864085.0,155.0,SL_or_BE,75.12719747477426,70.21103250734136,91.11507738850047
2025-03-05 14:30:00,2025-03-05 15:20:00,short,2916.58,2912.76,37.2,5580.0,869665.0,50.0,5M_GC,65.97147231724459,41.93255983609842,20.742693520329485
2025-03-05 16:45:00,2025-03-05 18:10:00,short,2914.39,2924.39,-101.0,-15150.0,854515.0,85.0,SL_or_BE,61.91917971593771,74.33832729467142,67.62307720798424
2025-03-05 20:25:00,2025-03-05 23:20:00,short,2916.4100000000003,2919.38,-30.7,-4605.0,849910.0,175.0,5M_GC,58.245459189338455,73.6822464780101,13.067762201127941
2025-03-06 08:20:00,2025-03-06 09:35:00,short,2921.35,2914.57,66.8,10020.0,859930.0,75.0,5M_GC,54.84107565168469,32.284234084790576,16.92463230395407
2025-03-10 11:40:00,2025-03-10 12:30:00,short,2913.09,2901.34,116.5,17475.0,877405.0,50.0,5M_GC,35.96813230903056,34.02400105987483,12.054067195952074
2025-03-14 22:55:00,2025-03-17 02:20:00,short,2985.69,2988.48,-28.9,-4335.0,873070.0,3085.0,5M_GC,73.29082561174347,70.76041909468542,19.407030994933848
2025-03-19 12:45:00,2025-03-19 15:20:00,short,3036.02,3034.79,11.3,1695.0,874765.0,155.0,5M_GC,79.28004752666716,61.162348118600384,19.58183632709898
2025-03-19 17:30:00,2025-03-19 19:00:00,short,3031.1600000000003,3033.67,-26.1,-3915.0,870850.0,90.0,5M_GC,65.33536127986547,47.4735301848519,24.77541371123287
2025-03-20 08:25:00,2025-03-20 09:25:00,short,3049.4300000000003,3046.77,25.6,3840.0,874690.0,60.0,5M_GC,67.98064476454913,18.505805632218703,24.785322527613957
2025-03-24 17:55:00,2025-03-24 18:45:00,short,3013.94,3010.48,33.6,5040.0,879730.0,50.0,5M_GC,43.34077791484136,20.152340719300337,19.403393541060012
2025-03-25 22:30:00,2025-03-26 02:45:00,short,3020.33,3018.39,18.4,2760.0,882490.0,255.0,5M_GC,59.747112703923726,13.01916997806314,7.644897927615756
2025-03-26 07:55:00,2025-03-26 10:55:00,short,3022.6,3024.02,-15.2,-2280.0,880210.0,180.0,5M_GC,55.47854230102616,83.35941035505738,4.502987151365372
2025-03-26 12:30:00,2025-03-26 15:20:00,short,3021.85,3023.44,-16.9,-2535.0,877675.0,170.0,5M_GC,43.88194759943206,55.62056737559062,19.977614791166413
2025-04-03 11:05:00,2025-04-03 13:10:00,short,3129.28,3119.24,99.4,14910.0,892585.0,125.0,5M_GC,36.2685708028533,15.693492706418562,22.50604478203449
2025-04-04 12:25:00,2025-04-04 13:25:00,short,3093.56,3107.0,-135.4,-20310.0,872275.0,60.0,SL_or_BE,27.581796176597802,44.182655434055306,82.26692271285437
2025-04-07 16:05:00,2025-04-07 16:45:00,short,3029.96,3007.1,227.6,34140.0,906415.0,40.0,5M_GC,24.508518764596886,46.564913495698526,17.442081315818182
2025-04-14 09:00:00,2025-04-14 10:00:00,short,3230.82,3231.04,-3.2,-480.0,905935.0,60.0,5M_GC,78.37463647102395,56.925563000206985,22.98474945508737
2025-04-14 12:15:00,2025-04-14 13:45:00,short,3227.7200000000003,3213.31,143.1,21465.0,927400.0,90.0,5M_GC,62.366632361060965,29.776069360888645,18.094211350181816
2025-04-14 17:50:00,2025-04-14 18:45:00,short,3212.5,3199.24,131.6,19740.0,947140.0,55.0,5M_GC,47.104361256288,25.042446041493083,7.811711299796774
2025-04-22 12:35:00,2025-04-22 13:05:00,short,3454.92,3464.92,-101.0,-15150.0,931990.0,30.0,SL_or_BE,70.06823476547748,31.88800092569278,74.23223624980177
2025-04-28 10:50:00,2025-04-28 11:40:00,short,3288.87,3282.68,60.9,9135.0,941125.0,50.0,5M_GC,31.51882356650764,30.543682050992498,9.555570406524147
2025-04-30 03:10:00,2025-04-30 03:55:00,short,3324.04,3313.09,108.5,16275.0,957400.0,45.0,5M_GC,54.8034276860474,50.726416141036566,6.98100664221634
2025-04-30 04:30:00,2025-04-30 05:05:00,short,3319.4700000000003,3307.61,117.6,17640.0,975040.0,35.0,5M_GC,36.786961860969605,13.387646085140446,14.043632568376607
2025-05-07 06:00:00,2025-05-07 06:35:00,short,3390.3,3378.14,120.6,18090.0,993130.0,35.0,5M_GC,69.91709584245571,25.841490640530257,22.64347160314789
2025-05-07 18:10:00,2025-05-07 20:30:00,short,3387.04,3386.45,4.9,735.0,993865.0,140.0,5M_GC,34.64237049472564,56.86410345206065,23.84105960225774
2025-05-13 04:40:00,2025-05-13 05:30:00,long,3217.4,3228.4,109.0,16350.0,1010215.0,50.0,5M_DC,25.226011556407347,54.612800824232494,84.7226547159271
2025-05-13 19:55:00,2025-05-13 21:10:00,long,3251.06,3246.34,-48.2,-7230.0,1002985.0,75.0,5M_DC,58.73781360467287,69.04915767930025,78.10780259067268
2025-05-22 08:00:00,2025-05-22 08:55:00,short,3338.7400000000002,3332.37,62.7,9405.0,1012390.0,55.0,5M_GC,76.71775680928953,69.35031254837588,22.342239752261545
2025-05-22 17:50:00,2025-05-22 20:35:00,short,3300.59,3293.78,67.1,10065.0,1022455.0,165.0,5M_GC,30.418689102778483,40.569055988556606,20.104338594713884
2025-05-22 23:40:00,2025-05-23 03:20:00,short,3293.1600000000003,3304.65,-115.9,-17385.0,1005070.0,220.0,SL_or_BE,30.095525389597668,67.72684807252044,89.01609436249139
2025-05-27 05:45:00,2025-05-27 07:05:00,short,3341.78,3340.32,13.6,2040.0,1007110.0,80.0,5M_GC,36.822941936942875,37.96098801539103,12.415893338982668
2025-05-28 09:15:00,2025-05-28 10:00:00,long,3302.11,3307.62,54.1,8115.0,1015225.0,45.0,5M_DC,36.64612223928609,74.50044606419563,84.19882461037987
2025-05-29 08:10:00,2025-05-29 10:15:00,long,3271.16,3278.64,73.8,11070.0,1026295.0,125.0,5M_DC,31.557821964916883,67.6328363790282,82.92245107711419
2025-05-29 11:45:00,2025-05-29 13:25:00,long,3280.3199999999997,3298.32,179.0,26850.0,1053145.0,100.0,5M_DC,54.53826296937128,85.40029375417708,96.24185183973712
2025-06-03 17:50:00,2025-06-03 19:45:00,short,3348.4300000000003,3346.41,19.2,2880.0,1056025.0,115.0,5M_GC,58.75907042860371,47.113638981290336,16.04788970203623
2025-06-04 04:30:00,2025-06-04 05:45:00,short,3366.9900000000002,3364.71,21.8,3270.0,1059295.0,75.0,5M_GC,33.40118744693256,67.62137843933115,22.145880209772926
2025-06-05 04:10:00,2025-06-05 04:45:00,short,3379.67,3373.61,59.6,8940.0,1068235.0,35.0,5M_GC,75.88405336735134,62.75064330198034,15.06038746870056
2025-06-11 05:05:00,2025-06-11 05:30:00,long,3330.2,3334.73,44.3,6645.0,1074880.0,25.0,5M_DC,64.22626604585086,79.78568965574668,80.44120609423003
2025-06-16 05:15:00,2025-06-16 06:05:00,short,3443.9100000000003,3439.45,43.6,6540.0,1081420.0,50.0,5M_GC,77.39443990537086,42.19589778933128,23.635776116994663
2025-06-17 22:00:00,2025-06-17 23:55:00,long,3384.41,3388.52,40.1,6015.0,1087435.0,115.0,5M_DC,27.732607995316556,59.251861227892306,79.9811235668193
2025-06-18 02:05:00,2025-06-18 04:40:00,long,3390.16,3380.16,-101.0,-15150.0,1072285.0,155.0,SL_or_BE,51.81984162468769,46.17801400964881,35.302004135603454
2025-06-18 08:35:00,2025-06-18 11:05:00,long,3386.8399999999997,3387.02,0.8,120.0,1072405.0,150.0,5M_DC,54.246635939650254,45.238905912910205,91.74804745397284
2025-06-18 17:25:00,2025-06-18 18:00:00,long,3382.69,3388.24,54.5,8175.0,1080580.0,35.0,5M_DC,58.63968836036375,72.5760132197446,81.94784026029676
2025-06-19 14:20:00,2025-06-19 15:20:00,long,3373.7799999999997,3363.7799999999997,-101.0,-15150.0,1065430.0,60.0,SL_or_BE,37.1473414864676,75.95573759255102,8.785885379429585
2025-06-19 15:25:00,2025-06-19 17:00:00,long,3365.44,3368.75,32.1,4815.0,1070245.0,95.0,5M_DC,42.386431814107794,63.00285080752875,75.29787852302904
2025-06-20 03:40:00,2025-06-20 05:00:00,long,3366.06,3356.06,-101.0,-15150.0,1055095.0,80.0,SL_or_BE,35.677800169256095,17.700184983224542,24.35112981866433
2025-06-20 17:45:00,2025-06-20 22:15:00,long,3368.14,3369.56,13.2,1980.0,1057075.0,270.0,5M_DC,53.867534192992345,75.5855579418781,87.52052545012606
2025-06-24 21:05:00,2025-06-24 22:45:00,long,3318.65,3322.59,38.4,5760.0,1062835.0,100.0,5M_DC,21.04865895594269,72.12918660265531,83.1857737591317
2025-06-25 20:40:00,2025-06-25 21:35:00,long,3327.6,3329.73,20.3,3045.0,1065880.0,55.0,5M_DC,67.46563398995131,83.70062986978763,85.11166252890676
2025-07-02 11:00:00,2025-07-02 13:05:00,short,3334.11,3344.11,-101.0,-15150.0,1050730.0,125.0,SL_or_BE,67.879541353779,71.03448404535436,91.58059241104486
2025-07-02 17:50:00,2025-07-02 21:15:00,short,3341.94,3352.02,-101.8,-15270.0,1035460.0,205.0,SL_or_BE,79.5259946252899,92.77139013263614,94.29729761502317
2025-07-03 05:15:00,2025-07-03 08:50:00,short,3347.53,3360.06,-126.3,-18945.0,1016515.0,215.0,SL_or_BE,60.04697285996807,44.47686536038115,85.8120797758213
2025-07-03 11:55:00,2025-07-03 12:45:00,short,3356.06,3345.99,99.7,14955.0,1031470.0,50.0,5M_GC,52.9988655653363,44.66300701412944,11.48378365206329
2025-07-03 13:40:00,2025-07-03 14:25:00,short,3353.25,3347.84,53.1,7965.0,1039435.0,45.0,5M_GC,52.9988655653363,26.178094445758077,7.328605200859446
2025-07-03 16:35:00,2025-07-03 20:40:00,short,3332.96,3330.34,25.2,3780.0,1043215.0,245.0,5M_GC,30.45267489706326,39.636325423276645,17.536108187726857
2025-07-08 08:25:00,2025-07-08 09:15:00,short,3335.4900000000002,3331.95,34.4,5160.0,1048375.0,50.0,5M_GC,66.49097912007656,31.149927219626672,13.583247969640498
2025-07-09 06:55:00,2025-07-09 08:40:00,short,3293.17,3293.11,-0.4,-60.0,1048315.0,105.0,5M_GC,17.516560664808527,31.215142428651234,21.989338812843982
2025-07-11 18:20:00,2025-07-11 18:55:00,short,3365.71,3358.85,67.6,10140.0,1058455.0,35.0,5M_GC,79.50038923272025,79.95022546175495,13.210561870238584
2025-07-14 16:45:00,2025-07-14 17:25:00,short,3357.9,3351.98,58.2,8730.0,1067185.0,40.0,5M_GC,57.00243215381175,12.564020265683974,23.13949948090891
2025-07-15 17:25:00,2025-07-15 18:35:00,short,3346.82,3329.81,169.1,25365.0,1092550.0,70.0,5M_GC,32.87617212474355,29.69487672660947,9.584101357825327
2025-07-17 05:05:00,2025-07-17 05:40:00,short,3342.44,3339.16,31.8,4770.0,1097320.0,35.0,5M_GC,41.70289225055061,21.78590976610801,19.10812526417124
2025-07-23 17:15:00,2025-07-23 19:05:00,short,3414.58,3391.46,230.2,34530.0,1131850.0,110.0,5M_GC,52.43850490368104,13.234432594359548,8.875779363892653
2025-07-28 05:05:00,2025-07-28 06:20:00,long,3332.7799999999997,3337.21,43.3,6495.0,1138345.0,75.0,5M_DC,28.030012320329316,79.33984700627475,88.78412158659705
2025-07-29 01:00:00,2025-07-29 04:35:00,long,3313.75,3317.74,38.9,5835.0,1144180.0,215.0,5M_DC,27.425841067043347,63.2110384480234,91.37758235340027
2025-07-29 06:40:00,2025-07-29 08:00:00,long,3313.68,3315.78,20.0,3000.0,1147180.0,80.0,5M_DC,37.207564172247814,64.73656755296315,89.11942104370678
2025-07-29 12:10:00,2025-07-29 15:35:00,long,3324.2999999999997,3321.83,-25.7,-3855.0,1143325.0,205.0,5M_DC,46.51981031043337,53.20267686399067,76.487025947188
2025-07-29 18:45:00,2025-07-29 20:25:00,long,3322.23,3326.45,41.2,6180.0,1149505.0,100.0,5M_DC,54.040775032622854,55.096653089366235,85.49203500832887
2025-07-29 22:05:00,2025-07-29 23:45:00,long,3326.63,3325.72,-10.1,-1515.0,1147990.0,100.0,5M_DC,54.040775032622854,62.35044676633825,78.11104639523536
2025-08-01 07:00:00,2025-08-01 08:50:00,long,3292.5099999999998,3297.41,48.0,7200.0,1155190.0,110.0,5M_DC,49.30488429259717,70.28698080351779,87.04804441289416
2025-08-01 09:40:00,2025-08-01 12:05:00,long,3291.58,3294.82,31.4,4710.0,1159900.0,145.0,5M_DC,65.16103243426086,54.10474168407251,93.95391942277179
2025-08-08 15:45:00,2025-08-08 17:35:00,short,3396.39,3387.26,90.3,13545.0,1173445.0,110.0,5M_GC,64.10145615735651,57.5168918916485,19.75102380279801
2025-08-11 06:00:00,2025-08-11 08:05:00,short,3377.17,3375.7,13.7,2055.0,1175500.0,125.0,5M_GC,15.986165431635689,25.349838535992244,15.447466656362401
2025-08-12 19:25:00,2025-08-12 23:50:00,long,3348.98,3348.24,-8.4,-1260.0,1174240.0,265.0,5M_DC,39.33718768260993,60.8093716717755,76.34165905806006
2025-08-26 14:20:00,2025-08-26 16:10:00,short,3377.35,3372.46,47.9,7185.0,1181425.0,110.0,5M_GC,71.23418974821858,59.750826340758046,14.635554282026831
2025-08-28 06:00:00,2025-08-28 06:55:00,short,3391.56,3390.16,13.0,1950.0,1183375.0,55.0,5M_GC,78.47362676797587,29.448507380845637,21.615360592277494
2025-08-28 15:10:00,2025-08-28 16:00:00,short,3406.48,3399.3,70.8,10620.0,1193995.0,50.0,5M_GC,86.88835234573774,71.0672232917142,12.22221706313087
2025-08-29 05:20:00,2025-08-29 06:10:00,short,3412.73,3409.92,27.1,4065.0,1198060.0,50.0,5M_GC,76.75078908189535,18.574561403386983,20.16908212498747
2025-09-09 19:00:00,2025-09-09 20:45:00,short,3644.86,3642.64,21.2,3180.0,1201240.0,105.0,5M_GC,60.09473914944127,36.78955453141362,16.80086518541313
2025-09-10 20:45:00,2025-09-10 22:20:00,short,3645.48,3640.22,51.6,7740.0,1208980.0,95.0,5M_GC,40.82658817750665,37.55386470342751,6.044531375318719
2025-09-10 23:15:00,2025-09-11 04:00:00,short,3641.01,3643.4,-24.9,-3735.0,1205245.0,285.0,5M_GC,36.203090507651744,49.33374378839961,23.11746467865147
2025-09-11 13:05:00,2025-09-11 14:20:00,short,3621.37,3620.51,7.6,1140.0,1206385.0,75.0,5M_GC,26.686364159123798,19.62273113798516,17.785547785182008
2025-09-12 16:15:00,2025-09-12 18:10:00,short,3649.4500000000003,3643.97,53.8,8070.0,1214455.0,115.0,5M_GC,73.95168641733355,56.75674436581007,12.744075712871854
2025-09-15 10:50:00,2025-09-15 11:50:00,short,3643.32,3642.11,11.1,1665.0,1216120.0,60.0,5M_GC,55.19003611518076,75.76357932932645,22.73263832581024
2025-09-17 06:00:00,2025-09-17 08:40:00,short,3681.46,3678.72,26.4,3960.0,1220080.0,160.0,5M_GC,35.623498044741446,29.82041587887629,12.721884905953624
2025-09-18 01:35:00,2025-09-18 02:25:00,short,3661.76,3671.76,-101.0,-15150.0,1204930.0,50.0,SL_or_BE,36.987599067131505,29.15785478006212,96.06197713119036
2025-09-18 05:25:00,2025-09-18 06:55:00,short,3661.87,3658.53,32.4,4860.0,1209790.0,90.0,5M_GC,21.956509950617473,22.90548234907625,8.881170646875104
2025-09-24 14:45:00,2025-09-24 16:45:00,short,3768.1800000000003,3761.18,69.0,10350.0,1220140.0,120.0,5M_GC,41.59637931829636,38.66835620409706,19.7620650743491
2025-10-01 22:20:00,2025-10-01 23:20:00,short,3864.84,3862.33,24.1,3615.0,1223755.0,60.0,5M_GC,74.2142670839129,28.07358106851164,19.13755114870131
2025-10-02 09:25:00,2025-10-02 10:00:00,short,3871.76,3867.38,42.8,6420.0,1230175.0,35.0,5M_GC,49.38321483713003,68.60096611937199,22.913319931370935
2025-10-02 16:30:00,2025-10-02 17:00:00,short,3892.71,3873.7,189.1,28365.0,1258540.0,30.0,5M_GC,52.80025300431529,44.518599851196086,10.269667935747671
2025-10-02 19:25:00,2025-10-02 21:30:00,short,3837.88,3847.88,-101.0,-15150.0,1243390.0,125.0,SL_or_BE,51.77988614791457,35.26451612898702,93.11183596381301
2025-10-03 05:05:00,2025-10-03 05:45:00,short,3857.2400000000002,3851.06,60.8,9120.0,1252510.0,40.0,5M_GC,42.76559139779426,67.62758208091576,9.698272583883229
2025-10-03 07:20:00,2025-10-03 08:30:00,short,3845.6800000000003,3856.93,-113.5,-17025.0,1235485.0,70.0,SL_or_BE,46.35268817198325,36.0981308409812,89.79098087183503
2025-10-09 16:10:00,2025-10-09 17:05:00,short,4055.69,4027.13,284.6,42690.0,1278175.0,55.0,5M_GC,56.66417310382053,45.383150410066015,17.79849090098131
2025-10-14 16:50:00,2025-10-14 17:00:00,short,4117.41,4128.1,-107.9,-16185.0,1261990.0,10.0,SL_or_BE,65.8866461953798,42.346701037765726,74.0634610716153
2025-10-30 09:55:00,2025-10-30 10:45:00,long,3961.2599999999998,3971.73,103.7,15555.0,1277545.0,50.0,5M_DC,47.68568131482203,83.6042754162312,85.05474162170162
2025-10-30 18:25:00,2025-10-30 19:50:00,long,3995.46,4010.72,151.6,22740.0,1300285.0,85.0,5M_DC,73.34903602889882,76.50192681007506,80.90139314604902
2025-10-31 12:15:00,2025-10-31 13:20:00,short,4013.59,4004.5,89.9,13485.0,1313770.0,65.0,5M_GC,72.20481467323482,48.21016186386195,21.217907138638623
2025-10-31 19:55:00,2025-10-31 20:10:00,short,3997.4100000000003,4007.4100000000003,-101.0,-15150.0,1298620.0,15.0,SL_or_BE,57.0575818434441,31.87816199859444,84.08946070402834
2025-10-31 20:30:00,2025-11-03 01:55:00,short,4005.76,3980.54,251.2,37680.0,1336300.0,3205.0,5M_GC,44.590605319232054,34.70279537115413,13.882727106169362
2025-11-03 03:30:00,2025-11-03 05:00:00,short,3999.69,4009.69,-101.0,-15150.0,1321150.0,90.0,SL_or_BE,49.64909923581572,75.47088358798594,72.12022968880382
2025-11-04 17:45:00,2025-11-04 18:15:00,short,3959.36,3969.65,-103.9,-15585.0,1305565.0,30.0,SL_or_BE,27.414250453748945,44.7351331291706,77.21394271495343
2025-11-05 08:00:00,2025-11-05 09:50:00,long,3966.73,3969.37,25.4,3810.0,1309375.0,110.0,5M_DC,35.38332344481302,78.25432656116368,82.07360729499872
2025-11-12 04:20:00,2025-11-12 04:45:00,short,4133.71,4123.37,102.4,15360.0,1324735.0,25.0,5M_GC,53.744423417268955,61.47983348589175,20.102542326078062
2025-11-14 10:00:00,2025-11-14 11:40:00,short,4180.61,4170.9,96.1,14415.0,1339150.0,100.0,5M_GC,40.946663626904346,31.936507936446194,20.70526566580322
2025-11-14 21:00:00,2025-11-14 21:45:00,short,4094.96,4090.18,46.8,7020.0,1346170.0,45.0,5M_GC,21.264433052674203,45.01926779634684,19.729688569193595
2025-11-17 13:55:00,2025-11-17 15:00:00,short,4078.3,4088.3,-101.0,-15150.0,1331020.0,65.0,SL_or_BE,20.39062499998855,51.84223808482534,49.42891574645205
2025-11-19 20:15:00,2025-11-19 21:40:00,short,4083.85,4071.87,118.8,17820.0,1348840.0,85.0,5M_GC,66.45148296611733,31.4093438591543,12.3398227238839
2025-11-19 23:40:00,2025-11-20 01:15:00,short,4080.02,4090.25,-103.3,-15495.0,1333345.0,95.0,SL_or_BE,50.42888278081012,39.66179198476379,87.88074739439772
2025-11-20 05:10:00,2025-11-20 07:15:00,short,4078.0,4073.64,42.6,6390.0,1339735.0,125.0,5M_GC,39.643984669416085,43.75272727266366,24.54182332820041
2025-11-20 11:05:00,2025-11-20 13:15:00,short,4066.59,4053.91,125.8,18870.0,1358605.0,130.0,5M_GC,32.92054671106701,42.7711501241184,19.085521435843418
2025-11-24 01:00:00,2025-11-24 01:10:00,short,4067.31,4077.31,-101.0,-15150.0,1343455.0,10.0,SL_or_BE,50.593973723486975,39.11905424673142,70.52061964041025
2025-11-27 12:05:00,2025-11-27 12:40:00,short,4157.639999999999,4153.9,36.4,5460.0,1348915.0,35.0,5M_GC,52.428981481348366,71.5873661377056,21.95821359945774
2025-11-27 13:10:00,2025-11-27 15:15:00,short,4157.61,4151.78,57.3,8595.0,1357510.0,125.0,5M_GC,52.428981481348366,50.58388239059773,19.669827888800416
2025-11-28 12:05:00,2025-11-28 13:25:00,short,4169.57,4179.57,-101.0,-15150.0,1342360.0,80.0,SL_or_BE,68.40264026389048,37.860245927952455,85.95547825533974
2025-12-02 09:30:00,2025-12-02 11:10:00,short,4216.139999999999,4207.94,81.0,12150.0,1354510.0,100.0,5M_GC,34.40823837284051,39.85847593941848,24.20237869546912
2025-12-02 13:40:00,2025-12-02 14:05:00,short,4197.839999999999,4207.839999999999,-101.0,-15150.0,1339360.0,25.0,SL_or_BE,31.87525272548703,41.64908702339397,97.67767986682323
2025-12-02 18:50:00,2025-12-02 19:45:00,short,4186.299999999999,4196.299999999999,-101.0,-15150.0,1324210.0,55.0,SL_or_BE,26.757564724121114,28.205895555846578,83.23680908444527
2025-12-02 19:55:00,2025-12-02 20:40:00,short,4193.73,4187.17,64.6,9690.0,1333900.0,45.0,5M_GC,36.24315468341202,38.80991570646133,20.219090999238194
2025-12-04 06:40:00,2025-12-04 07:55:00,short,4197.03,4180.95,159.8,23970.0,1357870.0,75.0,5M_GC,39.409429608057536,25.297952974294756,13.397965542019293
2025-12-05 17:00:00,2025-12-05 17:30:00,short,4239.67,4252.15,-125.8,-18870.0,1339000.0,30.0,SL_or_BE,75.98584549541702,78.28857670267394,90.89107593526592
2025-12-05 17:40:00,2025-12-05 18:20:00,short,4253.74,4209.33,443.1,66465.0,1405465.0,40.0,5M_GC,75.98584549541702,59.415363031210326,7.794431615948771
2025-12-05 19:10:00,2025-12-05 21:05:00,short,4214.7699999999995,4205.94,87.3,13095.0,1418560.0,115.0,5M_GC,53.114886022851664,20.850525389193113,22.8257018620402
2025-12-08 16:25:00,2025-12-08 17:15:00,short,4208.71,4186.36,222.5,33375.0,1451935.0,50.0,5M_GC,20.236122855021655,12.607163719419297,14.383124508059927
2025-12-11 08:45:00,2025-12-11 11:15:00,short,4213.8099999999995,4214.23,-5.2,-780.0,1451155.0,150.0,5M_GC,60.1911151772994,29.354614850730442,21.60428690360568
2025-12-12 20:20:00,2025-12-15 01:05:00,short,4297.16,4307.55,-104.9,-15735.0,1435420.0,3165.0,SL_or_BE,67.35961322834473,45.35604251042441,75.62127417520695
2025-12-18 04:10:00,2025-12-18 10:10:00,short,4330.969999999999,4328.36,25.1,3765.0,1439185.0,360.0,5M_GC,62.1460706989674,34.21853725030747,22.586150616365796
2025-12-18 22:45:00,2025-12-19 02:20:00,short,4335.61,4331.4,41.1,6165.0,1445350.0,215.0,5M_GC,33.30517509225711,28.080035573104315,18.47072447389836
2025-12-24 06:45:00,2025-12-24 08:10:00,short,4499.299999999999,4492.67,65.3,9795.0,1455145.0,85.0,5M_GC,74.08484879152176,42.35800035828323,24.310502914211593
2025-12-24 16:10:00,2025-12-24 17:50:00,short,4485.29,4456.36,288.3,43245.0,1498390.0,100.0,5M_GC,59.995109853582,27.199418728702387,23.29316579255756
2025-12-24 18:20:00,2025-12-24 18:55:00,short,4467.219999999999,4477.219999999999,-101.0,-15150.0,1483240.0,35.0,SL_or_BE,59.995109853582,28.607341537658442,76.08007983274118
2025-12-29 03:20:00,2025-12-29 05:05:00,short,4507.5,4517.5,-101.0,-15150.0,1468090.0,105.0,SL_or_BE,62.647800596053514,47.116967704135526,70.04684008114889
2025-12-29 09:50:00,2025-12-29 10:10:00,short,4474.24,4484.24,-101.0,-15150.0,1452940.0,20.0,SL_or_BE,43.615123884410345,17.479744014536042,73.53131772347456
2025-12-29 14:40:00,2025-12-29 15:30:00,short,4462.29,4450.38,118.1,17715.0,1470655.0,50.0,5M_GC,30.995377693381485,20.698604730755108,18.642777839137107
2025-12-31 08:00:00,2025-12-31 09:00:00,long,4287.360000000001,4329.5,420.4,63060.0,1533715.0,60.0,5M_DC,33.437332513019946,40.50735027290643,97.97351378001959
2025-12-31 10:15:00,2025-12-31 10:45:00,long,4326.59,4314.85,-118.4,-17760.0,1515955.0,30.0,SL_or_BE,33.437332513019946,48.36297493932065,9.865555828766235
2025-12-31 10:55:00,2025-12-31 11:45:00,long,4307.570000000001,4331.56,238.9,35835.0,1551790.0,50.0,5M_DC,33.437332513019946,47.530988951716985,90.30340872942743
2026-01-07 04:55:00,2026-01-07 06:20:00,short,4474.599999999999,4469.32,51.8,7770.0,1559560.0,85.0,5M_GC,64.1264294402153,28.683693516628136,15.766517022142096
2026-01-07 14:45:00,2026-01-07 18:30:00,short,4453.2,4464.75,-116.5,-17475.0,1542085.0,225.0,SL_or_BE,40.13775303687398,53.34410702906305,90.6411637926804
2026-01-07 22:05:00,2026-01-08 02:00:00,short,4455.57,4465.57,-101.0,-15150.0,1526935.0,235.0,SL_or_BE,37.39382908644781,74.06663691787732,71.80164915157997
2026-01-08 03:25:00,2026-01-08 04:35:00,short,4454.9,4438.96,158.4,23760.0,1550695.0,70.0,5M_GC,28.995513594091076,36.18272233517439,17.961152310077846
2026-01-08 05:15:00,2026-01-08 06:50:00,short,4441.3099999999995,4432.7,85.1,12765.0,1563460.0,95.0,5M_GC,28.995513594091076,16.391480983911478,11.02693238740465
2026-01-13 19:05:00,2026-01-13 20:00:00,short,4611.28,4588.71,224.7,33705.0,1597165.0,55.0,5M_GC,43.535899575218934,37.9440131733042,15.038116242635056
2026-01-13 20:55:00,2026-01-14 02:05:00,short,4593.99,4606.7,-128.1,-19215.0,1577950.0,310.0,SL_or_BE,44.693686488678615,44.3613633436276,86.4192275298477
2026-01-14 16:05:00,2026-01-14 16:50:00,short,4632.969999999999,4615.5,173.7,26055.0,1604005.0,45.0,5M_GC,79.98421797550222,64.00816293053026,15.924439830955821
2026-01-14 18:30:00,2026-01-14 18:55:00,short,4618.86,4616.94,18.2,2730.0,1606735.0,25.0,5M_GC,79.98421797550222,38.45243999953836,23.148879982347935
2026-01-15 02:20:00,2026-01-15 03:30:00,short,4617.46,4591.63,257.3,38595.0,1645330.0,70.0,5M_GC,60.246607641644886,33.454430452032845,14.249136452825033
2026-01-15 04:20:00,2026-01-15 05:20:00,short,4608.7,4587.23,213.7,32055.0,1677385.0,60.0,5M_GC,51.240649516441245,26.0988682080271,10.92885029253162
2026-01-21 21:00:00,2026-01-21 21:50:00,short,4844.99,4769.95,749.4,112410.0,1789795.0,50.0,5M_GC,76.18989718820825,37.27808257932069,9.928231502201397
2026-01-26 22:35:00,2026-01-26 22:45:00,short,5041.07,5051.07,-101.0,-15150.0,1774645.0,10.0,SL_or_BE,74.43818615622716,32.50381288390766,52.148940988789384
2026-01-29 18:30:00,2026-01-29 19:00:00,short,5283.099999999999,5293.099999999999,-101.0,-15150.0,1759495.0,30.0,SL_or_BE,68.54543293028573,34.61817244724913,47.917422684511166
2026-01-30 06:20:00,2026-01-30 06:30:00,short,5205.69,5215.69,-101.0,-15150.0,1744345.0,10.0,SL_or_BE,36.733287388000946,29.41617135364994,73.55329949229264
2026-02-02 12:35:00,2026-02-02 12:40:00,long,4686.150000000001,4673.84,-124.1,-18615.0,1725730.0,5.0,SL_or_BE,22.953151895161245,71.51750786540319,24.63314279403744
2026-02-05 12:55:00,2026-02-05 13:10:00,short,4876.7699999999995,4887.11,-104.4,-15660.0,1710070.0,15.0,SL_or_BE,24.235120619819508,43.95414116355378,89.07703300704848
2026-02-05 13:20:00,2026-02-05 14:00:00,short,4890.32,4863.66,265.6,39840.0,1749910.0,40.0,5M_GC,24.235120619819508,44.936983550933405,11.058394546983862
2026-02-05 15:35:00,2026-02-05 16:05:00,short,4839.5,4849.5,-101.0,-15150.0,1734760.0,30.0,SL_or_BE,21.247138580729043,29.051930182949548,30.554446702290296
2026-02-10 04:15:00,2026-02-10 04:20:00,short,5041.379999999999,5054.31,-130.3,-19545.0,1715215.0,5.0,SL_or_BE,76.30829299005829,42.95724586164031,89.36372331432788
2026-02-10 08:05:00,2026-02-10 08:55:00,short,5039.7699999999995,5024.62,150.5,22575.0,1737790.0,50.0,5M_GC,69.47443578882728,45.121613928456725,19.851454463206675
2026-02-10 15:25:00,2026-02-10 15:30:00,short,5037.78,5052.83,-151.5,-22725.0,1715065.0,5.0,SL_or_BE,68.66540821032999,67.42511890975527,75.0796103881014
2026-02-10 15:55:00,2026-02-10 16:15:00,short,5050.889999999999,5071.96,-211.7,-31755.0,1683310.0,20.0,SL_or_BE,59.91995457381239,50.39494139640802,87.97114488175164
2026-02-10 16:25:00,2026-02-10 20:30:00,short,5070.23,5010.02,601.1,90165.0,1773475.0,245.0,5M_GC,51.16557675620845,27.768006700133075,10.744195100133203
2026-02-12 04:10:00,2026-02-12 06:05:00,short,5067.86,5056.09,116.7,17505.0,1790980.0,115.0,5M_GC,62.271890273859945,34.60954117283245,19.6045215486219
2026-02-12 19:15:00,2026-02-12 19:20:00,short,4959.87,4973.29,-135.2,-20280.0,1770700.0,5.0,SL_or_BE,45.58418885901771,38.27928703349945,82.39259997630462
2026-02-12 20:55:00,2026-02-12 21:30:00,short,4935.509999999999,4945.83,-104.2,-15630.0,1755070.0,35.0,SL_or_BE,33.42787446235729,30.25738520033614,45.10892780843677
2026-02-12 21:55:00,2026-02-12 22:35:00,short,4945.44,4920.04,253.0,37950.0,1793020.0,40.0,5M_GC,33.42787446235729,26.01637905819148,13.772295483904792
2026-02-16 18:45:00,2026-02-16 20:20:00,short,4986.839999999999,4996.839999999999,-101.0,-15150.0,1777870.0,95.0,SL_or_BE,50.568486387317556,46.479944674869294,73.68627092868074
2026-02-17 03:50:00,2026-02-17 04:20:00,short,4958.7,4968.7,-101.0,-15150.0,1762720.0,30.0,SL_or_BE,30.499504116860837,35.48140367448378,90.82301368436579
2026-02-17 08:45:00,2026-02-17 09:35:00,short,4908.75,4919.67,-110.2,-16530.0,1746190.0,50.0,SL_or_BE,25.700466234243226,32.5604886069774,64.99370040075675
2026-02-17 09:55:00,2026-02-17 10:10:00,short,4916.92,4927.66,-108.4,-16260.0,1729930.0,15.0,SL_or_BE,25.700466234243226,41.12063845603543,86.13855116478169
2026-02-19 21:20:00,2026-02-19 22:40:00,short,4987.96,4999.26,-114.0,-17100.0,1712830.0,80.0,SL_or_BE,75.57305267009554,45.86802605486429,92.52182278843249
2026-02-20 03:05:00,2026-02-20 03:50:00,short,5010.46,4999.25,111.1,16665.0,1729495.0,45.0,5M_GC,69.64231312050212,54.098646236972485,14.877880976874684
2026-02-24 04:50:00,2026-02-24 06:05:00,short,5184.73,5168.92,157.1,23565.0,1753060.0,75.0,5M_GC,77.98442880617624,30.21341755189012,14.320725466932435
2026-02-24 08:05:00,2026-02-24 10:20:00,short,5183.0199999999995,5173.57,93.5,14025.0,1767085.0,135.0,5M_GC,62.08514219182632,30.098922766341413,23.967327725496727
2026-02-26 12:05:00,2026-02-26 12:55:00,short,5188.259999999999,5171.39,167.7,25155.0,1792240.0,50.0,5M_GC,58.42460000610456,36.69030797479687,16.281368553665878
2026-02-26 14:45:00,2026-02-26 16:10:00,short,5181.2,5166.24,148.6,22290.0,1814530.0,85.0,5M_GC,45.96125196870503,37.890565915926196,24.508474501504526
